metric,EF1_high_active,nEF1_high_active,AUC_ROC_1_high_active,BEDROC20_1_high_active,N_1_high_active,A_1_high_active,H_top1_high_active,direction_1_high_active,EF1_active,nEF1_active,AUC_ROC_1_active,BEDROC20_1_active,N_1_active,A_1_active,H_top1_active,direction_1_active,EF1_low,nEF1_low,AUC_ROC_1_low,BEDROC20_1_low,N_1_low,A_1_low,H_top1_low,direction_1_low,EF5_high_active,nEF5_high_active,AUC_ROC_5_high_active,BEDROC20_5_high_active,N_5_high_active,A_5_high_active,H_top5_high_active,direction_5_high_active,EF5_active,nEF5_active,AUC_ROC_5_active,BEDROC20_5_active,N_5_active,A_5_active,H_top5_active,direction_5_active,EF5_low,nEF5_low,AUC_ROC_5_low,BEDROC20_5_low,N_5_low,A_5_low,H_top5_low,direction_5_low,EF10_high_active,nEF10_high_active,AUC_ROC_10_high_active,BEDROC20_10_high_active,N_10_high_active,A_10_high_active,H_top10_high_active,direction_10_high_active,EF10_active,nEF10_active,AUC_ROC_10_active,BEDROC20_10_active,N_10_active,A_10_active,H_top10_active,direction_10_active,EF10_low,nEF10_low,AUC_ROC_10_low,BEDROC20_10_low,N_10_low,A_10_low,H_top10_low,direction_10_low,target,protein,method_id,method_label
boltz2_affinity_pred_value,2.323809523809524,0.33333333333333337,0.8570061517429939,0.5434982145840592,244,35,1,asc,1.730496453900709,1.0,0.7640294704950767,0.950211441147866,244,141,3,asc,1.5792880258899675,0.6666666666666666,0.7640294704950767,0.580308403488548,244,103,2,desc,3.753846153846154,0.5384615384615384,0.8570061517429939,0.5434982145840592,244,35,7,asc,1.5973813420621932,0.9230769230769232,0.7640294704950767,0.950211441147866,244,141,12,asc,1.0933532486930546,0.4615384615384616,0.7640294704950767,0.580308403488548,244,103,6,desc,4.182857142857143,0.6000000000000001,0.8570061517429939,0.5434982145840592,244,35,15,asc,1.6612765957446807,0.96,0.7640294704950767,0.950211441147866,244,141,24,asc,1.2318446601941748,0.52,0.7640294704950767,0.580308403488548,244,103,13,desc,1g5m,1G5M,boltz2,Boltz-2
dynamicbind_affinity_bestpose,0.0,0.0,0.6075187969924812,0.09144180607189736,244,35,0,desc,0.5768321513002364,0.3333333333333333,0.6018040349789988,0.5830464041970452,244,141,1,desc,1.5792880258899675,0.6666666666666666,0.6018040349789988,0.665960144931312,244,103,2,asc,0.5362637362637364,0.07692307692307694,0.6075187969924812,0.09144180607189736,244,35,1,desc,1.1980360065466447,0.6923076923076923,0.6018040349789988,0.5830464041970452,244,141,9,desc,1.8222554144884242,0.7692307692307693,0.6018040349789988,0.665960144931312,244,103,10,asc,0.5577142857142857,0.08,0.6075187969924812,0.09144180607189736,244,35,2,desc,1.1075177304964539,0.64,0.6018040349789988,0.5830464041970452,244,141,16,desc,1.5161165048543688,0.64,0.6018040349789988,0.665960144931312,244,103,16,asc,1g5m,1G5M,dynamicbind,DynamicBind
gnina_cnn_affinity_bestpose,0.0,0.0,0.5746031746031746,0.1042426097424284,242,35,0,desc,1.160671462829736,0.6666666666666666,0.5539219110148774,0.6496856727224497,242,139,2,desc,0.7831715210355986,0.3333333333333333,0.5539219110148774,0.5354855234898611,242,103,1,asc,0.531868131868132,0.07692307692307694,0.5746031746031746,0.1042426097424284,242,35,1,desc,1.2053126729385721,0.6923076923076923,0.5539219110148774,0.6496856727224497,242,139,9,desc,1.2651232262882748,0.5384615384615384,0.5539219110148774,0.5354855234898611,242,103,7,asc,0.8297142857142857,0.12,0.5746031746031746,0.1042426097424284,242,35,3,desc,1.1142446043165468,0.64,0.5539219110148774,0.6496856727224497,242,139,16,desc,1.127766990291262,0.4799999999999999,0.5539219110148774,0.5354855234898611,242,103,12,asc,1g5m,1G5M,gnina,GNINA 1.3
plapt_affinity,0.0,0.0,0.41736158578263843,0.014628143574827553,244,35,0,desc,0.0,0.0,0.505267506713489,0.3769018876631285,244,141,0,desc,1.5792880258899675,0.6666666666666666,0.505267506713489,0.5576518671997946,244,103,2,asc,0.0,0.0,0.41736158578263843,0.014628143574827553,244,35,0,desc,0.6655755591925805,0.3846153846153847,0.505267506713489,0.3769018876631285,244,141,5,desc,1.6400298730395817,0.6923076923076923,0.505267506713489,0.5576518671997946,244,103,9,asc,0.0,0.0,0.41736158578263843,0.014628143574827553,244,35,0,desc,0.8306382978723403,0.48,0.505267506713489,0.3769018876631285,244,141,12,desc,1.326601941747573,0.56,0.505267506713489,0.5576518671997946,244,103,14,asc,1g5m,1G5M,plapt,PLAPT
qvina_affinity_bestpose,4.647619047619048,0.6666666666666667,0.4748462064251538,0.2437090716001061,244,35,2,asc,1.730496453900709,1.0,0.6107553535770847,0.8446173219628932,244,141,3,asc,2.3689320388349513,1.0,0.6107553535770847,0.6148148786389892,244,103,3,desc,1.608791208791209,0.2307692307692308,0.4748462064251538,0.2437090716001061,244,35,3,asc,1.5973813420621932,0.9230769230769232,0.6107553535770847,0.8446173219628932,244,141,12,asc,1.275578790141897,0.5384615384615384,0.6107553535770847,0.6148148786389892,244,103,7,desc,1.3942857142857144,0.2,0.4748462064251538,0.2437090716001061,244,35,5,asc,1.3843971631205674,0.8,0.6107553535770847,0.8446173219628932,244,141,20,asc,1.326601941747573,0.56,0.6107553535770847,0.6148148786389892,244,103,14,desc,1g5m,1G5M,qvina,QVina2
boltz2_affinity_pred_value,5.333333333333333,1.0,0.5509027461690184,0.46972923953537266,208,39,3,asc,2.1894736842105265,1.0,0.5554727526781555,0.6485220300915928,208,95,3,asc,1.2271386430678466,0.6666666666666666,0.5554727526781555,0.6745317477466826,208,113,2,desc,2.4242424242424243,0.4545454545454546,0.5509027461690184,0.46972923953537266,208,39,5,asc,1.3933014354066986,0.6363636363636364,0.5554727526781555,0.6485220300915928,208,95,7,asc,1.33869670152856,0.7272727272727273,0.5554727526781555,0.6745317477466826,208,113,8,desc,2.2857142857142856,0.42857142857142855,0.5509027461690184,0.46972923953537266,208,39,9,asc,1.355388471177945,0.6190476190476191,0.5554727526781555,0.6485220300915928,208,95,13,asc,1.3147914032869787,0.7142857142857143,0.5554727526781555,0.6745317477466826,208,113,15,desc,2z5x,2Z5X,boltz2,Boltz-2
dynamicbind_affinity_bestpose,1.6904761904761905,0.3333333333333333,0.4775828460038986,0.22587286644097482,213,42,1,desc,0.7244897959183674,0.3333333333333333,0.39591836734693875,0.241741723798132,213,98,1,desc,1.2347826086956522,0.6666666666666666,0.39591836734693875,0.6160764850117768,213,115,2,asc,1.3831168831168832,0.2727272727272727,0.4775828460038986,0.22587286644097482,213,42,3,desc,0.5927643784786641,0.2727272727272727,0.39591836734693875,0.241741723798132,213,98,3,desc,1.3470355731225296,0.7272727272727273,0.39591836734693875,0.6160764850117768,213,115,8,asc,1.1525974025974026,0.22727272727272724,0.4775828460038986,0.22587286644097482,213,42,5,desc,0.49397031539888686,0.2272727272727273,0.39591836734693875,0.241741723798132,213,98,5,desc,1.0944664031620555,0.5909090909090909,0.39591836734693875,0.6160764850117768,213,115,13,asc,2z5x,2Z5X,dynamicbind,DynamicBind
gnina_cnn_affinity_bestpose,0.0,0.0,0.5442577030812324,0.2643596887101828,212,42,0,desc,1.4421768707482991,0.6666666666666665,0.4602577873254565,0.4753305011203929,212,98,2,desc,1.239766081871345,0.6666666666666666,0.4602577873254565,0.7393058837036193,212,114,2,asc,1.3766233766233764,0.2727272727272727,0.5442577030812324,0.2643596887101828,212,42,3,desc,1.1799628942486085,0.5454545454545454,0.4602577873254565,0.4753305011203929,212,98,6,desc,1.521531100478469,0.8181818181818182,0.4602577873254565,0.7393058837036193,212,114,9,asc,1.147186147186147,0.22727272727272727,0.5442577030812324,0.2643596887101828,212,42,5,desc,0.7866419294990724,0.36363636363636365,0.4602577873254565,0.4753305011203929,212,98,8,desc,1.4370015948963317,0.7727272727272727,0.4602577873254565,0.7393058837036193,212,114,17,asc,2z5x,2Z5X,gnina,GNINA 1.3
plapt_affinity,1.6904761904761905,0.3333333333333333,0.35004177109440265,0.10733895959773276,213,42,1,desc,0.7244897959183674,0.3333333333333333,0.3744454303460515,0.20815766078907413,213,98,1,desc,1.8521739130434782,1.0,0.3744454303460515,0.7317247411687954,213,115,3,asc,0.4610389610389611,0.09090909090909091,0.35004177109440265,0.10733895959773276,213,42,1,desc,0.39517625231910947,0.18181818181818182,0.3744454303460515,0.20815766078907413,213,98,2,desc,1.6837944664031619,0.9090909090909091,0.3744454303460515,0.7317247411687954,213,115,10,asc,0.4610389610389611,0.09090909090909091,0.35004177109440265,0.10733895959773276,213,42,2,desc,0.39517625231910947,0.18181818181818182,0.3744454303460515,0.20815766078907413,213,98,4,desc,1.1786561264822133,0.6363636363636364,0.3744454303460515,0.7317247411687954,213,115,14,asc,2z5x,2Z5X,plapt,PLAPT
qvina_affinity_bestpose,1.6825396825396823,0.3333333333333333,0.5493697478991597,0.2479298792434062,212,42,1,asc,0.7210884353741496,0.33333333333333326,0.5203186537773004,0.42807758266087714,212,98,1,asc,0.6198830409356725,0.3333333333333333,0.5203186537773004,0.5003947969579968,212,114,1,desc,0.9177489177489178,0.18181818181818182,0.5493697478991597,0.2479298792434062,212,42,2,asc,0.7866419294990724,0.36363636363636365,0.5203186537773004,0.42807758266087714,212,98,4,asc,0.8452950558213715,0.45454545454545453,0.5203186537773004,0.5003947969579968,212,114,5,desc,1.147186147186147,0.22727272727272727,0.5493697478991597,0.2479298792434062,212,42,5,asc,0.8849721706864564,0.40909090909090906,0.5203186537773004,0.42807758266087714,212,98,9,asc,1.014354066985646,0.5454545454545454,0.5203186537773004,0.5003947969579968,212,114,12,desc,2z5x,2Z5X,qvina,QVina2
boltz2_affinity_pred_value,1.0400745573159367,1.0,0.9647207351698129,0.9999998865540389,2232,2146,23,asc,1.008130081300813,1.0,0.9959600521931146,0.9999999997822169,2232,2214,23,asc,59.30434782608696,0.611111111111111,0.9959600521931146,0.9288782910504786,2232,18,11,desc,1.0400745573159367,1.0,0.9647207351698129,0.9999998865540389,2232,2146,112,asc,1.008130081300813,1.0,0.9959600521931146,0.9999999997822169,2232,2214,112,asc,19.92857142857143,1.0,0.9959600521931146,0.9288782910504786,2232,18,18,desc,1.0400745573159367,1.0,0.9647207351698129,0.9999998865540389,2232,2146,224,asc,1.008130081300813,1.0,0.9959600521931146,0.9999999997822169,2232,2214,224,asc,9.964285714285715,1.0,0.9959600521931146,0.9288782910504786,2232,18,18,desc,3eyg,3EYG,boltz2,Boltz-2
dynamicbind_affinity_bestpose,0.9952815860351147,0.9565217391304347,0.6950784039745381,0.9658802143108105,2234,2147,22,desc,1.0085778781038375,1.0,0.7144350718783414,0.9976618521297735,2234,2215,23,desc,35.78489702517163,0.368421052631579,0.7144350718783414,0.4375111603229202,2234,19,7,asc,1.0219409142324838,0.982142857142857,0.6950784039745381,0.9658802143108105,2234,2147,110,desc,1.0085778781038375,1.0,0.7144350718783414,0.9976618521297735,2234,2215,112,desc,8.398496240601505,0.4210526315789474,0.7144350718783414,0.4375111603229202,2234,19,8,asc,1.0312312861800519,0.9910714285714285,0.6950784039745381,0.9658802143108105,2234,2147,222,desc,1.0085778781038375,1.0,0.7144350718783414,0.9976618521297735,2234,2215,224,desc,4.724154135338346,0.4736842105263158,0.7144350718783414,0.4375111603229202,2234,19,9,asc,3eyg,3EYG,dynamicbind,DynamicBind
gnina_cnn_affinity_bestpose,0.9929987074536838,0.9545454545454546,0.7213074993030387,0.974758584396502,2195,2110,21,desc,1.0087316176470589,1.0,0.8983044698142415,0.9999999426321138,2195,2176,22,desc,5.251196172248805,0.052631578947368425,0.8983044698142415,0.31084040768059734,2195,19,1,asc,1.0308272296423955,0.9909090909090909,0.7213074993030387,0.974758584396502,2195,2110,109,desc,1.0087316176470589,1.0,0.8983044698142415,0.9999999426321138,2195,2176,110,desc,6.301435406698565,0.3157894736842105,0.8983044698142415,0.31084040768059734,2195,19,6,asc,1.0308272296423955,0.9909090909090909,0.7213074993030387,0.974758584396502,2195,2110,218,desc,1.0087316176470589,1.0,0.8983044698142415,0.9999999426321138,2195,2176,220,desc,5.251196172248805,0.5263157894736843,0.8983044698142415,0.31084040768059734,2195,19,10,asc,3eyg,3EYG,gnina,GNINA 1.3
plapt_affinity,1.04052165812762,1.0,0.7221249645321727,0.9820673435461298,2234,2147,23,desc,1.0085778781038375,1.0,0.8740881549245575,0.9998425807542617,2234,2215,23,desc,30.672768878718536,0.3157894736842105,0.8740881549245575,0.48246798264644053,2234,19,6,asc,1.0219409142324838,0.982142857142857,0.7221249645321727,0.9820673435461298,2234,2147,110,desc,1.0085778781038375,1.0,0.8740881549245575,0.9998425807542617,2234,2215,112,desc,10.49812030075188,0.5263157894736842,0.8740881549245575,0.48246798264644053,2234,19,10,asc,1.0312312861800519,0.9910714285714285,0.7221249645321727,0.9820673435461298,2234,2147,222,desc,1.0085778781038375,1.0,0.8740881549245575,0.9998425807542617,2234,2215,224,desc,6.823778195488723,0.6842105263157895,0.8740881549245575,0.48246798264644053,2234,19,13,asc,3eyg,3EYG,plapt,PLAPT
qvina_affinity_bestpose,1.0401701323251418,1.0,0.5812604247748249,0.9457086697580083,2201,2116,23,asc,1.0087076076993584,1.0,0.8002918616431087,0.9999017627140638,2201,2182,23,asc,0.0,0.0,0.8002918616431087,0.1512411658316018,2201,19,0,desc,1.0026865239530647,0.963963963963964,0.5812604247748249,0.9457086697580083,2201,2116,107,asc,1.0087076076993584,1.0,0.8002918616431087,0.9999017627140638,2201,2182,111,asc,3.1308677098150786,0.15789473684210528,0.8002918616431087,0.1512411658316018,2201,19,3,desc,1.0119302192303417,0.9728506787330318,0.5812604247748249,0.9457086697580083,2201,2116,215,asc,1.0087076076993584,1.0,0.8002918616431087,0.9999017627140638,2201,2182,221,asc,3.6692069540366754,0.3684210526315789,0.8002918616431087,0.1512411658316018,2201,19,7,desc,3eyg,3EYG,qvina,QVina2
boltz2_affinity_pred_value,1.105060506050605,1.0,0.935355577442561,0.999998728021414,2009,1818,21,asc,1.0276214833759592,1.0,0.9781756180733163,0.999999995218705,2009,1955,21,asc,23.030864197530864,0.6190476190476191,0.9781756180733163,0.7753115725890772,2009,54,13,desc,1.105060506050605,1.0,0.935355577442561,0.999998728021414,2009,1818,101,asc,1.0276214833759592,1.0,0.9781756180733163,0.999999995218705,2009,1955,101,asc,16.207554088742206,0.8148148148148147,0.9781756180733163,0.7753115725890772,2009,54,44,desc,1.105060506050605,1.0,0.935355577442561,0.999998728021414,2009,1818,201,asc,1.0276214833759592,1.0,0.9781756180733163,0.999999995218705,2009,1955,201,asc,9.069559609360605,0.9074074074074074,0.9781756180733163,0.7753115725890772,2009,54,49,desc,3jy9,3JY9,boltz2,Boltz-2
dynamicbind_affinity_bestpose,1.0006537485944405,0.9047619047619047,0.6803214085524949,0.9371248793169182,2014,1821,19,desc,0.9796196313050245,0.9523809523809523,0.8382551437326718,0.9792510671243613,2014,1958,20,desc,22.26360544217687,0.6190476190476191,0.8382551437326718,0.6042696204712431,2014,56,13,asc,1.062184307392848,0.9603960396039605,0.6803214085524949,0.9371248793169182,2014,1821,97,desc,1.0184164483864115,0.99009900990099,0.8382551437326718,0.9792510671243613,2014,1958,100,desc,11.750707213578503,0.5892857142857143,0.8382551437326718,0.6042696204712431,2014,56,33,asc,1.0348084231816923,0.9356435643564358,0.6803214085524949,0.9371248793169182,2014,1821,189,desc,1.0235085306283438,0.995049504950495,0.8382551437326718,0.9792510671243613,2014,1958,201,desc,6.765558698727016,0.6785714285714286,0.8382551437326718,0.6042696204712431,2014,56,38,asc,3jy9,3JY9,dynamicbind,DynamicBind
gnina_cnn_affinity_bestpose,1.1070234113712374,1.0,0.6740553000743218,0.9901948720303073,1986,1794,20,desc,1.0290155440414508,1.0,0.7772668393782384,0.999884701967881,1986,1930,20,desc,3.5464285714285717,0.1,0.7772668393782384,0.15603077786076475,1986,56,2,asc,1.095953177257525,0.99,0.6740553000743218,0.9901948720303073,1986,1794,99,desc,1.0290155440414508,1.0,0.7772668393782384,0.999884701967881,1986,1930,100,desc,1.4185714285714286,0.07142857142857142,0.7772668393782384,0.15603077786076475,1986,56,4,asc,1.101460479655804,0.9949748743718593,0.6740553000743218,0.9901948720303073,1986,1794,198,desc,1.0290155440414508,1.0,0.7772668393782384,0.999884701967881,1986,1930,199,desc,2.4949748743718594,0.25,0.7772668393782384,0.15603077786076475,1986,56,14,asc,3jy9,3JY9,gnina,GNINA 1.3
plapt_affinity,1.053319735362569,0.9523809523809523,0.7419996414883355,0.9411558800135101,2014,1821,20,desc,1.0286006128702758,1.0,0.860854735152488,0.9858612717709909,2014,1958,21,desc,15.41326530612245,0.42857142857142855,0.860854735152488,0.44900513689075455,2014,56,9,asc,1.0512339537083857,0.9504950495049505,0.7419996414883355,0.9411558800135101,2014,1821,96,desc,1.0184164483864115,0.99009900990099,0.860854735152488,0.9858612717709909,2014,1958,100,desc,7.477722772277228,0.375,0.860854735152488,0.44900513689075455,2014,56,21,asc,1.062184307392848,0.9603960396039605,0.7419996414883355,0.9411558800135101,2014,1821,194,desc,1.0235085306283438,0.995049504950495,0.860854735152488,0.9858612717709909,2014,1958,201,desc,5.697312588401697,0.5714285714285714,0.860854735152488,0.44900513689075455,2014,56,32,asc,3jy9,3JY9,plapt,PLAPT
qvina_affinity_bestpose,0.8303123257110988,0.75,0.6143073759063022,0.8545610428837712,1985,1793,15,asc,0.9775790565059616,0.9499999999999998,0.7309671924757462,0.9275604551821502,1985,1929,19,asc,5.316964285714286,0.15,0.7309671924757462,0.3632663413262279,1985,56,3,desc,0.9410206358059119,0.85,0.6143073759063022,0.8545610428837712,1985,1793,85,asc,0.9878693623639191,0.96,0.7309671924757462,0.9275604551821502,1985,1929,96,asc,7.44375,0.37499999999999994,0.7309671924757462,0.3632663413262279,1985,56,21,desc,0.984692004360901,0.8894472361809045,0.6143073759063022,0.8545610428837712,1985,1793,177,asc,0.992833530013989,0.9648241206030149,0.7309671924757462,0.9275604551821502,1985,1929,192,asc,4.27494615936827,0.42857142857142855,0.7309671924757462,0.3632663413262279,1985,56,24,desc,3jy9,3JY9,qvina,QVina2
boltz2_affinity_pred_value,1.055944055944056,1.0,0.8102797202797203,0.9878317191756593,755,715,8,asc,1.0093582887700534,1.0,0.8082505729564553,0.9977237763366761,755,748,8,asc,0.0,0.0,0.8082505729564553,0.24725866777365013,755,7,0,desc,1.055944055944056,1.0,0.8102797202797203,0.9878317191756593,755,715,38,asc,1.0093582887700534,1.0,0.8082505729564553,0.9977237763366761,755,748,38,asc,2.8383458646616537,0.14285714285714288,0.8082505729564553,0.24725866777365013,755,7,1,desc,1.04205005520795,0.9868421052631577,0.8102797202797203,0.9878317191756593,755,715,75,asc,1.0093582887700534,1.0,0.8082505729564553,0.9977237763366761,755,748,76,asc,4.25751879699248,0.42857142857142855,0.8082505729564553,0.24725866777365013,755,7,3,desc,3lxk,3LXK,boltz2,Boltz-2
dynamicbind_affinity_bestpose,1.0571827057182706,1.0,0.7621866176820764,0.9705635325184375,758,717,8,desc,1.0093209054593875,1.0,0.7728742628875784,0.9999738049361334,758,751,8,desc,27.07142857142857,0.2857142857142857,0.7728742628875784,0.32588517138980033,758,7,2,asc,1.0293621081993687,0.9736842105263158,0.7621866176820764,0.9705635325184375,758,717,37,desc,1.0093209054593875,1.0,0.7728742628875784,0.9999738049361334,758,751,38,desc,5.6992481203007515,0.2857142857142857,0.7728742628875784,0.32588517138980033,758,7,2,asc,1.0432724069588197,0.986842105263158,0.7621866176820764,0.9705635325184375,758,717,75,desc,1.0093209054593875,1.0,0.7728742628875784,0.9999738049361334,758,751,76,desc,4.274436090225564,0.42857142857142855,0.7728742628875784,0.32588517138980033,758,7,3,asc,3lxk,3LXK,dynamicbind,DynamicBind
gnina_cnn_affinity_bestpose,1.0577464788732394,1.0,0.7884919271727928,0.9998044990695775,751,710,8,desc,1.0094086021505375,1.0,0.7596006144393241,0.9999713962500825,751,744,8,desc,0.0,0.0,0.7596006144393241,0.1144926473384146,751,7,0,asc,1.0577464788732394,1.0,0.7884919271727928,0.9998044990695775,751,710,38,desc,1.0094086021505375,1.0,0.7596006144393241,0.9999713962500825,751,744,38,desc,2.8233082706766917,0.14285714285714288,0.7596006144393241,0.1144926473384146,751,7,1,asc,1.0577464788732394,1.0,0.7884919271727928,0.9998044990695775,751,710,76,desc,1.0094086021505375,1.0,0.7596006144393241,0.9999713962500825,751,744,76,desc,2.8233082706766917,0.28571428571428575,0.7596006144393241,0.1144926473384146,751,7,2,asc,3lxk,3LXK,gnina,GNINA 1.3
plapt_affinity,1.0571827057182706,1.0,0.6019321699493145,0.9789007997184515,758,717,8,desc,1.0093209054593875,1.0,0.6537949400798935,0.9984909696060384,758,751,8,desc,0.0,0.0,0.6537949400798935,0.1104840278803843,758,7,0,asc,1.0571827057182706,1.0,0.6019321699493145,0.9789007997184515,758,717,38,desc,1.0093209054593875,1.0,0.6537949400798935,0.9984909696060384,758,751,38,desc,0.0,0.0,0.6537949400798935,0.1104840278803843,758,7,0,asc,1.0432724069588197,0.986842105263158,0.6019321699493145,0.9789007997184515,758,717,75,desc,1.0093209054593875,1.0,0.6537949400798935,0.9984909696060384,758,751,76,desc,2.8496240601503757,0.2857142857142857,0.6537949400798935,0.1104840278803843,758,7,2,asc,3lxk,3LXK,plapt,PLAPT
qvina_affinity_bestpose,1.0577464788732394,1.0,0.6540707660597733,0.9897929720200084,751,710,8,asc,1.0094086021505375,1.0,0.6826996927803379,0.9993935153502492,751,744,8,asc,0.0,0.0,0.6826996927803379,0.034869168265901807,751,7,0,desc,1.0577464788732394,1.0,0.6540707660597733,0.9897929720200084,751,710,38,asc,1.0094086021505375,1.0,0.6826996927803379,0.9993935153502492,751,744,38,asc,0.0,0.0,0.6826996927803379,0.034869168265901807,751,7,0,desc,1.0438287620459599,0.9868421052631579,0.6540707660597733,0.9897929720200084,751,710,75,asc,1.0094086021505375,1.0,0.6826996927803379,0.9993935153502492,751,744,76,asc,1.4116541353383458,0.14285714285714288,0.6826996927803379,0.034869168265901807,751,7,1,desc,3lxk,3LXK,qvina,QVina2
boltz2_affinity_pred_value,1.0682261208576997,0.6666666666666666,0.8360869812070629,0.7087890246859175,274,171,2,asc,1.2685185185185184,1.0,0.8425127713920817,0.9593916734674721,274,216,3,asc,4.724137931034483,1.0,0.8425127713920817,0.8590576974213027,274,58,3,desc,0.9156223893065999,0.5714285714285715,0.8360869812070629,0.7087890246859175,274,171,8,asc,1.1779100529100528,0.9285714285714286,0.8425127713920817,0.9593916734674721,274,216,13,asc,4.386699507389163,0.9285714285714286,0.8425127713920817,0.8590576974213027,274,58,13,desc,1.2589807852965749,0.7857142857142858,0.8360869812070629,0.7087890246859175,274,171,22,asc,1.2232142857142856,0.9642857142857143,0.8425127713920817,0.9593916734674721,274,216,27,asc,3.7118226600985222,0.7857142857142857,0.8425127713920817,0.8590576974213027,274,58,22,desc,3mjg,3MJG,boltz2,Boltz-2
dynamicbind_affinity_bestpose,0.5329457364341085,0.3333333333333333,0.6584443440957327,0.553636391247472,275,172,1,desc,1.2672811059907834,1.0,0.7548069283330685,0.817847340879652,275,217,3,desc,4.741379310344827,1.0,0.7548069283330685,0.8224842500107973,275,58,3,asc,0.7994186046511628,0.5,0.6584443440957327,0.553636391247472,275,172,7,desc,0.9957208689927584,0.7857142857142857,0.7548069283330685,0.817847340879652,275,217,11,desc,4.402709359605912,0.9285714285714287,0.7548069283330685,0.8224842500107973,275,58,13,asc,0.9136212624584716,0.5714285714285714,0.6584443440957327,0.553636391247472,275,172,16,desc,1.0409809084924293,0.8214285714285715,0.7548069283330685,0.817847340879652,275,217,23,desc,3.5560344827586206,0.75,0.7548069283330685,0.8224842500107973,275,58,21,asc,3mjg,3MJG,dynamicbind,DynamicBind
gnina_cnn_affinity_bestpose,0.0,0.0,0.6026163477439168,0.6222355985764088,268,166,0,desc,0.8467614533965244,0.6666666666666666,0.6262160139685707,0.8363176124457536,268,211,2,desc,3.134502923976608,0.6666666666666667,0.6262160139685707,0.5091227907668627,268,57,2,asc,1.0378657487091223,0.642857142857143,0.6026163477439168,0.6222355985764088,268,166,9,desc,1.0886932972241028,0.8571428571428571,0.6262160139685707,0.8363176124457536,268,211,12,desc,2.6867167919799497,0.5714285714285715,0.6262160139685707,0.5091227907668627,268,57,8,asc,1.076305220883534,0.6666666666666666,0.6026163477439168,0.6222355985764088,268,166,18,desc,1.0349306652624188,0.8148148148148148,0.6262160139685707,0.8363176124457536,268,211,22,desc,2.263807667316439,0.48148148148148145,0.6262160139685707,0.5091227907668627,268,57,13,asc,3mjg,3MJG,gnina,GNINA 1.3
plapt_affinity,1.065891472868217,0.6666666666666666,0.6215850079024611,0.6491513735437952,275,172,2,desc,0.8448540706605222,0.6666666666666666,0.6613697759415224,0.8605939088139649,275,217,2,desc,1.5804597701149425,0.33333333333333337,0.6613697759415224,0.4730030202127427,275,58,1,asc,1.0278239202657808,0.6428571428571429,0.6215850079024611,0.6491513735437952,275,172,9,desc,1.176761026991442,0.9285714285714287,0.6613697759415224,0.8605939088139649,275,217,13,desc,2.3706896551724137,0.5,0.6613697759415224,0.4730030202127427,275,58,7,asc,0.9707225913621261,0.6071428571428571,0.6215850079024611,0.6491513735437952,275,172,17,desc,1.0862409479921,0.8571428571428571,0.6613697759415224,0.8605939088139649,275,217,24,desc,2.201354679802956,0.46428571428571436,0.6613697759415224,0.4730030202127427,275,58,13,asc,3mjg,3MJG,plapt,PLAPT
qvina_affinity_bestpose,0.538152610441767,0.3333333333333333,0.5447968343964091,0.6602760518650066,268,166,1,asc,1.2701421800947867,1.0,0.6043069759707326,0.9679457689020956,268,211,3,asc,0.0,0.0,0.6043069759707326,0.14643329347239756,268,57,0,desc,1.0378657487091223,0.642857142857143,0.5447968343964091,0.6602760518650066,268,166,9,asc,1.2701421800947867,1.0,0.6043069759707326,0.9679457689020956,268,211,14,asc,0.3358395989974937,0.07142857142857144,0.6043069759707326,0.14643329347239756,268,57,1,desc,1.076305220883534,0.6666666666666666,0.5447968343964091,0.6602760518650066,268,166,18,asc,1.1760575741618395,0.9259259259259259,0.6043069759707326,0.9679457689020956,268,211,25,asc,1.0448343079922027,0.22222222222222224,0.6043069759707326,0.14643329347239756,268,57,6,desc,3mjg,3MJG,qvina,QVina2
boltz2_affinity_pred_value,2.185089974293059,1.0,0.8823893514155546,0.9861791792863656,850,389,9,asc,1.4382402707275803,1.0,0.8614415721014705,0.9961363663631398,850,591,9,asc,2.9172029172029172,0.8888888888888888,0.8614415721014705,0.7761547034687862,850,259,8,desc,2.185089974293059,1.0,0.8823893514155546,0.9861791792863656,850,389,43,asc,1.4382402707275803,1.0,0.8614415721014705,0.9961363663631398,850,591,43,asc,2.671275927089881,0.8139534883720931,0.8614415721014705,0.7761547034687862,850,259,35,desc,2.159383033419023,0.988235294117647,0.8823893514155546,0.9861791792863656,850,389,84,asc,1.4213197969543148,0.9882352941176471,0.8614415721014705,0.9961363663631398,850,591,84,asc,2.5096525096525095,0.7647058823529411,0.8614415721014705,0.7761547034687862,850,259,65,desc,4ase,4ASE,boltz2,Boltz-2
dynamicbind_affinity_bestpose,0.7292202227934875,0.3333333333333333,0.5985989160796359,0.44099789240582765,851,389,3,desc,0.7999623989471705,0.5555555555555556,0.6457828973057399,0.7514182414777854,851,591,5,desc,3.2730769230769234,1.0,0.6457828973057399,0.7022246978103259,851,260,9,asc,0.9666407604471812,0.4418604651162791,0.5985989160796359,0.44099789240582765,851,389,19,desc,1.0715775390548143,0.7441860465116279,0.6457828973057399,0.7514182414777854,851,591,32,desc,2.5880143112701255,0.7906976744186046,0.6457828973057399,0.7022246978103259,851,260,34,asc,1.0175165899444012,0.46511627906976744,0.5985989160796359,0.44099789240582765,851,389,40,desc,1.0883209381025458,0.7558139534883721,0.6457828973057399,0.7514182414777854,851,591,65,desc,2.055187835420394,0.627906976744186,0.6457828973057399,0.7022246978103259,851,260,54,asc,4ase,4ASE,dynamicbind,DynamicBind
gnina_cnn_affinity_bestpose,1.710702828813065,0.7777777777777778,0.7594749507515062,0.6345146852079957,838,381,7,desc,1.277682485229655,0.8888888888888888,0.7927387078330475,0.9070122921649328,838,583,8,desc,3.286274509803922,1.0,0.7927387078330475,0.7649078159913133,838,255,9,asc,1.2568428946381702,0.5714285714285714,0.7594749507515062,0.6345146852079957,838,381,24,desc,1.3347218818916933,0.9285714285714285,0.7927387078330475,0.9070122921649328,838,583,39,desc,2.582072829131653,0.7857142857142857,0.7927387078330475,0.7649078159913133,838,255,33,asc,1.3092113485814274,0.5952380952380953,0.7594749507515062,0.6345146852079957,838,381,50,desc,1.3176100628930818,0.9166666666666666,0.7927387078330475,0.9070122921649328,838,583,77,desc,2.503828197945845,0.7619047619047619,0.7927387078330475,0.7649078159913133,838,255,64,asc,4ase,4ASE,gnina,GNINA 1.3
plapt_affinity,1.215367037989146,0.5555555555555556,0.6123037202728719,0.5276735369926734,851,389,5,desc,1.4399323181049068,1.0,0.6193739424703891,0.8277324621013132,851,591,9,desc,2.9094017094017093,0.8888888888888887,0.6193739424703891,0.6264007635945086,851,260,8,asc,1.3736473964249416,0.627906976744186,0.6123037202728719,0.5276735369926734,851,389,27,desc,1.305985125723055,0.9069767441860465,0.6193739424703891,0.8277324621013132,851,591,39,desc,2.2074239713774597,0.6744186046511627,0.6193739424703891,0.6264007635945086,851,260,29,asc,1.0175165899444012,0.46511627906976744,0.6123037202728719,0.5276735369926734,851,389,40,desc,1.1050643371502775,0.7674418604651164,0.6193739424703891,0.8277324621013132,851,591,66,desc,1.9790697674418605,0.6046511627906976,0.6193739424703891,0.6264007635945086,851,260,52,asc,4ase,4ASE,plapt,PLAPT
qvina_affinity_bestpose,1.9550889472149313,0.8888888888888888,0.643394958562346,0.7663694197863327,838,381,8,asc,1.437392795883362,1.0,0.7005515756903105,0.9454249046767352,838,583,9,asc,3.286274509803922,1.0,0.7005515756903105,0.6778258356218585,838,255,9,desc,1.8328958880139983,0.8333333333333334,0.643394958562346,0.7663694197863327,838,381,35,asc,1.4031691578861392,0.9761904761904762,0.7005515756903105,0.9454249046767352,838,583,41,asc,2.34733893557423,0.7142857142857143,0.7005515756903105,0.6778258356218585,838,255,30,desc,1.62342207224097,0.7380952380952381,0.643394958562346,0.7663694197863327,838,381,62,asc,1.3347218818916933,0.9285714285714285,0.7005515756903105,0.9454249046767352,838,583,78,asc,2.190849673202614,0.6666666666666665,0.7005515756903105,0.6778258356218585,838,255,56,desc,4ase,4ASE,qvina,QVina2
boltz2_affinity_pred_value,1.2429906542056075,1.0,0.7627606038820992,0.9924587592669875,133,107,2,asc,1.015267175572519,1.0,0.9770992366412213,0.9999999986198524,133,131,2,asc,0.0,0.0,0.9770992366412213,0.634736418064252,133,2,0,desc,1.2429906542056075,1.0,0.7627606038820992,0.9924587592669875,133,107,7,asc,1.015267175572519,1.0,0.9770992366412213,0.9999999986198524,133,131,7,asc,19.0,1.0,0.9770992366412213,0.634736418064252,133,2,2,desc,1.2429906542056075,1.0,0.7627606038820992,0.9924587592669875,133,107,14,asc,1.015267175572519,1.0,0.9770992366412213,0.9999999986198524,133,131,14,asc,9.5,1.0,0.9770992366412213,0.634736418064252,133,2,2,desc,4f65,4F65,boltz2,Boltz-2
dynamicbind_affinity_bestpose,1.2429906542056075,1.0,0.5442127965492451,0.8535128673538482,133,107,2,desc,1.015267175572519,1.0,0.09923664122137404,0.8605008797917084,133,131,2,desc,0.0,0.0,0.09923664122137404,1.4794231144459647e-08,133,2,0,asc,1.0654205607476634,0.8571428571428571,0.5442127965492451,0.8535128673538482,133,107,6,desc,1.015267175572519,1.0,0.09923664122137404,0.8605008797917084,133,131,7,desc,0.0,0.0,0.09923664122137404,1.4794231144459647e-08,133,2,0,asc,0.9766355140186915,0.7857142857142857,0.5442127965492451,0.8535128673538482,133,107,11,desc,0.9427480916030535,0.9285714285714286,0.09923664122137404,0.8605008797917084,133,131,13,desc,0.0,0.0,0.09923664122137404,1.4794231144459647e-08,133,2,0,asc,4f65,4F65,dynamicbind,DynamicBind
gnina_cnn_affinity_bestpose,1.2475247524752475,1.0,0.5283168316831683,0.9439551737781389,126,101,2,desc,1.0161290322580645,1.0,0.6975806451612904,0.999998701504222,126,124,2,desc,0.0,0.0,0.6975806451612904,0.003304587046211304,126,2,0,asc,1.2475247524752475,1.0,0.5283168316831683,0.9439551737781389,126,101,7,desc,1.0161290322580645,1.0,0.6975806451612904,0.999998701504222,126,124,7,desc,0.0,0.0,0.6975806451612904,0.003304587046211304,126,2,0,asc,1.1515613099771516,0.9230769230769231,0.5283168316831683,0.9439551737781389,126,101,12,desc,1.0161290322580645,1.0,0.6975806451612904,0.999998701504222,126,124,13,desc,0.0,0.0,0.6975806451612904,0.003304587046211304,126,2,0,asc,4f65,4F65,gnina,GNINA 1.3
plapt_affinity,1.2429906542056075,1.0,0.46477354421279654,0.671651064608267,133,107,2,desc,1.015267175572519,1.0,0.6870229007633588,0.9998889019843703,133,131,2,desc,0.0,0.0,0.6870229007633588,0.18621865638062804,133,2,0,asc,0.7102803738317757,0.5714285714285714,0.46477354421279654,0.671651064608267,133,107,4,desc,1.015267175572519,1.0,0.6870229007633588,0.9998889019843703,133,131,7,desc,0.0,0.0,0.6870229007633588,0.18621865638062804,133,2,0,asc,0.7990654205607477,0.6428571428571429,0.46477354421279654,0.671651064608267,133,107,9,desc,1.015267175572519,1.0,0.6870229007633588,0.9998889019843703,133,131,14,desc,4.75,0.5,0.6870229007633588,0.18621865638062804,133,2,1,asc,4f65,4F65,plapt,PLAPT
qvina_affinity_bestpose,1.2475247524752475,1.0,0.4512871287128713,0.6589829533129344,126,101,2,asc,1.0161290322580645,1.0,0.6350806451612904,0.9999941638112695,126,124,2,asc,0.0,0.0,0.6350806451612904,0.0008639732984430046,126,2,0,desc,0.7128712871287128,0.5714285714285714,0.4512871287128713,0.6589829533129344,126,101,4,asc,1.0161290322580645,1.0,0.6350806451612904,0.9999941638112695,126,124,7,asc,0.0,0.0,0.6350806451612904,0.0008639732984430046,126,2,0,desc,0.7677075399847677,0.6153846153846154,0.4512871287128713,0.6589829533129344,126,101,8,asc,1.0161290322580645,1.0,0.6350806451612904,0.9999941638112695,126,124,13,asc,0.0,0.0,0.6350806451612904,0.0008639732984430046,126,2,0,desc,4f65,4F65,qvina,QVina2
boltz2_affinity_pred_value,,,,,113,0,0,asc,0.0,0.0,0.7520215633423181,0.18430004693928653,113,7,0,asc,1.0660377358490565,1.0,0.7520215633423181,0.9990783493195021,113,106,2,desc,,,,,113,0,0,asc,2.6904761904761902,0.16666666666666666,0.7520215633423181,0.18430004693928653,113,7,1,asc,1.0660377358490565,1.0,0.7520215633423181,0.9990783493195021,113,106,6,desc,,,,,113,0,0,asc,2.6904761904761902,0.28571428571428564,0.7520215633423181,0.18430004693928653,113,7,2,asc,1.0660377358490565,1.0,0.7520215633423181,0.9990783493195021,113,106,12,desc,4tz4,4TZ4,boltz2,Boltz-2
dynamicbind_affinity_bestpose,,,,,113,0,0,desc,8.071428571428571,0.5,0.784366576819407,0.4578726638741392,113,7,1,desc,1.0660377358490565,1.0,0.784366576819407,0.9999907341943414,113,106,2,asc,,,,,113,0,0,desc,8.071428571428571,0.5,0.784366576819407,0.4578726638741392,113,7,3,desc,1.0660377358490565,1.0,0.784366576819407,0.9999907341943414,113,106,6,asc,,,,,113,0,0,desc,4.035714285714286,0.4285714285714285,0.784366576819407,0.4578726638741392,113,7,3,desc,1.0660377358490565,1.0,0.784366576819407,0.9999907341943414,113,106,12,asc,4tz4,4TZ4,dynamicbind,DynamicBind
gnina_cnn_affinity_bestpose,,,,,112,0,0,desc,0.0,0.0,0.7183673469387755,0.25670843386957315,112,7,0,desc,1.0666666666666667,1.0,0.7183673469387755,0.9998079005430807,112,105,2,asc,,,,,112,0,0,desc,5.333333333333333,0.3333333333333333,0.7183673469387755,0.25670843386957315,112,7,2,desc,1.0666666666666667,1.0,0.7183673469387755,0.9998079005430807,112,105,6,asc,,,,,112,0,0,desc,2.6666666666666665,0.2857142857142857,0.7183673469387755,0.25670843386957315,112,7,2,desc,1.0666666666666667,1.0,0.7183673469387755,0.9998079005430807,112,105,12,asc,4tz4,4TZ4,gnina,GNINA 1.3
plapt_affinity,,,,,113,0,0,desc,0.0,0.0,0.5983827493261455,0.1534632010866437,113,7,0,desc,1.0660377358490565,1.0,0.5983827493261455,0.8337102436571071,113,106,2,asc,,,,,113,0,0,desc,2.6904761904761902,0.16666666666666666,0.5983827493261455,0.1534632010866437,113,7,1,desc,0.8883647798742139,0.8333333333333335,0.5983827493261455,0.8337102436571071,113,106,5,asc,,,,,113,0,0,desc,2.6904761904761902,0.28571428571428564,0.5983827493261455,0.1534632010866437,113,7,2,desc,0.8883647798742139,0.8333333333333335,0.5983827493261455,0.8337102436571071,113,106,10,asc,4tz4,4TZ4,plapt,PLAPT
qvina_affinity_bestpose,,,,,112,0,0,asc,0.0,0.0,0.49523809523809526,0.004500081350874299,112,7,0,asc,1.0666666666666667,1.0,0.49523809523809526,0.9946120992072082,112,105,2,desc,,,,,112,0,0,asc,2.6666666666666665,0.16666666666666666,0.49523809523809526,0.004500081350874299,112,7,1,asc,1.0666666666666667,1.0,0.49523809523809526,0.9946120992072082,112,105,6,desc,,,,,112,0,0,asc,2.6666666666666665,0.2857142857142857,0.49523809523809526,0.004500081350874299,112,7,2,asc,1.0666666666666667,1.0,0.49523809523809526,0.9946120992072082,112,105,12,desc,4tz4,4TZ4,qvina,QVina2
boltz2_affinity_pred_value,2.28125,0.6666666666666666,0.7580645161290323,0.7837390283712224,219,64,2,asc,1.2658959537572254,1.0,0.6863533551143504,0.991883976773817,219,173,3,asc,1.5869565217391304,0.3333333333333333,0.6863533551143504,0.360502129665452,219,46,1,desc,2.4886363636363638,0.7272727272727273,0.7580645161290323,0.7837390283712224,219,64,8,asc,1.2658959537572254,1.0,0.6863533551143504,0.991883976773817,219,173,11,asc,1.2984189723320159,0.2727272727272727,0.6863533551143504,0.360502129665452,219,46,3,desc,2.955255681818182,0.8636363636363638,0.7580645161290323,0.7837390283712224,219,64,19,asc,1.2658959537572254,1.0,0.6863533551143504,0.991883976773817,219,173,22,asc,1.947628458498024,0.4090909090909091,0.6863533551143504,0.360502129665452,219,46,9,desc,4zau,4ZAU,boltz2,Boltz-2
dynamicbind_affinity_bestpose,2.4479166666666665,0.6666666666666666,0.7177448830409356,0.6626415878751953,235,64,2,desc,1.2634408602150538,1.0,0.6000658327847268,0.9208401436318108,235,186,3,desc,1.598639455782313,0.3333333333333333,0.6000658327847268,0.2702874291496499,235,49,1,asc,2.75390625,0.75,0.7177448830409356,0.6626415878751953,235,64,9,desc,1.1581541218637992,0.9166666666666666,0.6000658327847268,0.9208401436318108,235,186,11,desc,1.1989795918367347,0.25,0.6000658327847268,0.2702874291496499,235,49,3,asc,2.1419270833333335,0.5833333333333334,0.7177448830409356,0.6626415878751953,235,64,14,desc,1.1581541218637992,0.9166666666666666,0.6000658327847268,0.9208401436318108,235,186,22,desc,1.398809523809524,0.2916666666666667,0.6000658327847268,0.2702874291496499,235,49,7,asc,4zau,4ZAU,dynamicbind,DynamicBind
gnina_cnn_affinity_bestpose,2.427083333333333,0.6666666666666666,0.7295210798816568,0.676596190855621,233,64,2,desc,1.2526881720430108,1.0,0.5754975978037062,0.9695819230971967,233,186,3,desc,1.652482269503546,0.3333333333333333,0.5754975978037062,0.15735793314504176,233,47,1,asc,2.73046875,0.75,0.7295210798816568,0.676596190855621,233,64,9,desc,1.2526881720430108,1.0,0.5754975978037062,0.9695819230971967,233,186,12,desc,0.4131205673758865,0.08333333333333333,0.5754975978037062,0.15735793314504176,233,47,1,asc,2.427083333333333,0.6666666666666666,0.7295210798816568,0.676596190855621,233,64,16,desc,1.2004928315412187,0.9583333333333334,0.5754975978037062,0.9695819230971967,233,186,23,desc,0.826241134751773,0.16666666666666666,0.5754975978037062,0.15735793314504176,233,47,4,asc,4zau,4ZAU,gnina,GNINA 1.3
plapt_affinity,2.4479166666666665,0.6666666666666666,0.5335343567251462,0.4042935600446224,235,64,2,desc,0.8422939068100358,0.6666666666666666,0.54312047399605,0.7447381357404964,235,186,2,desc,3.197278911564626,0.6666666666666666,0.54312047399605,0.38999359443373444,235,49,2,asc,1.8359375,0.5,0.5335343567251462,0.4042935600446224,235,64,6,desc,0.8422939068100358,0.6666666666666666,0.54312047399605,0.7447381357404964,235,186,8,desc,1.9982993197278913,0.4166666666666667,0.54312047399605,0.38999359443373444,235,49,5,asc,1.2239583333333333,0.3333333333333333,0.5335343567251462,0.4042935600446224,235,64,8,desc,0.9475806451612903,0.75,0.54312047399605,0.7447381357404964,235,186,18,desc,1.9982993197278913,0.4166666666666667,0.54312047399605,0.38999359443373444,235,49,10,asc,4zau,4ZAU,plapt,PLAPT
qvina_affinity_bestpose,2.427083333333333,0.6666666666666666,0.5213110207100592,0.4761839566994286,233,64,2,asc,1.2526881720430108,1.0,0.5413520933424846,0.9616988310147608,233,186,3,asc,3.304964539007092,0.6666666666666666,0.5413520933424846,0.3042907292606332,233,47,2,desc,1.8203125,0.5,0.5213110207100592,0.4761839566994286,233,64,6,asc,1.2526881720430108,1.0,0.5413520933424846,0.9616988310147608,233,186,12,asc,1.2393617021276595,0.25,0.5413520933424846,0.3042907292606332,233,47,3,desc,1.5169270833333335,0.4166666666666667,0.5213110207100592,0.4761839566994286,233,64,10,asc,1.2004928315412187,0.9583333333333334,0.5413520933424846,0.9616988310147608,233,186,23,asc,1.445921985815603,0.2916666666666667,0.5413520933424846,0.3042907292606332,233,47,7,desc,4zau,4ZAU,qvina,QVina2
boltz2_affinity_pred_value,1.5830618892508144,1.0,0.7710043127763725,0.9459755997305769,486,307,5,asc,1.2119700748129676,1.0,0.8790083614493179,0.9979886462618441,486,401,5,asc,5.7176470588235295,1.0,0.8790083614493179,0.7647885058415571,486,85,5,desc,1.5830618892508144,1.0,0.7710043127763725,0.9459755997305769,486,307,25,asc,1.2119700748129676,1.0,0.8790083614493179,0.9979886462618441,486,401,25,asc,4.574117647058824,0.8,0.8790083614493179,0.7647885058415571,486,85,20,desc,1.4861397327660708,0.9387755102040818,0.7710043127763725,0.9459755997305769,486,307,46,asc,1.2119700748129676,1.0,0.8790083614493179,0.9979886462618441,486,401,49,asc,4.317406962785114,0.7551020408163265,0.8790083614493179,0.7647885058415571,486,85,37,desc,5jkv,5JKV,boltz2,Boltz-2
dynamicbind_affinity_bestpose,1.2675324675324675,0.8,0.6091450216450216,0.7057876847362141,488,308,4,desc,1.2139303482587065,1.0,0.5312102279301169,0.8278958915069705,488,402,5,desc,1.1348837209302327,0.2,0.5312102279301169,0.18614482063851492,488,86,1,asc,1.0774025974025974,0.68,0.6091450216450216,0.7057876847362141,488,308,17,desc,0.9711442786069653,0.8,0.5312102279301169,0.8278958915069705,488,402,20,desc,1.1348837209302327,0.2,0.5312102279301169,0.18614482063851492,488,86,5,asc,1.1317254174397031,0.7142857142857143,0.6091450216450216,0.7057876847362141,488,308,35,desc,1.0157376383389178,0.8367346938775512,0.5312102279301169,0.8278958915069705,488,402,41,desc,0.8106312292358804,0.14285714285714285,0.5312102279301169,0.18614482063851492,488,86,7,asc,5jkv,5JKV,dynamicbind,DynamicBind
gnina_cnn_affinity_bestpose,1.581168831168831,1.0,0.6040865559021984,0.8509242677014043,487,308,5,desc,1.2114427860696517,1.0,0.5923324553702077,0.9756831603937521,487,402,5,desc,2.291764705882353,0.4,0.5923324553702077,0.21627242117547443,487,85,2,asc,1.4546753246753246,0.92,0.6040865559021984,0.8509242677014043,487,308,23,desc,1.2114427860696517,1.0,0.5923324553702077,0.9756831603937521,487,402,25,desc,0.9167058823529411,0.16,0.5923324553702077,0.21627242117547443,487,85,4,asc,1.2907500662602702,0.8163265306122449,0.6040865559021984,0.8509242677014043,487,308,40,desc,1.1619961417402782,0.9591836734693878,0.5923324553702077,0.9756831603937521,487,402,47,desc,1.1692677070828332,0.20408163265306123,0.5923324553702077,0.21627242117547443,487,85,10,asc,5jkv,5JKV,gnina,GNINA 1.3
plapt_affinity,0.9506493506493505,0.6,0.5905844155844155,0.7205876895719208,488,308,3,desc,0.7283582089552239,0.6,0.5806432951521463,0.8121110223129083,488,402,3,desc,2.2697674418604654,0.4,0.5806432951521463,0.28239187094386514,488,86,2,asc,1.2041558441558442,0.7600000000000001,0.5905844155844155,0.7205876895719208,488,308,19,desc,0.9711442786069653,0.8,0.5806432951521463,0.8121110223129083,488,402,20,desc,1.3618604651162791,0.24,0.5806432951521463,0.28239187094386514,488,86,6,asc,1.0993904055128545,0.6938775510204083,0.5905844155844155,0.7205876895719208,488,308,34,desc,1.0405117270788913,0.8571428571428571,0.5806432951521463,0.8121110223129083,488,402,42,desc,1.3896535358329378,0.24489795918367346,0.5806432951521463,0.28239187094386514,488,86,12,asc,5jkv,5JKV,plapt,PLAPT
qvina_affinity_bestpose,1.2649350649350648,0.8,0.6124301675977654,0.7787647317086344,487,308,4,asc,1.2114427860696517,1.0,0.6248024582967515,0.9365576352308116,487,402,5,asc,1.1458823529411766,0.2,0.6248024582967515,0.3008371353040924,487,85,1,desc,1.2649350649350648,0.8,0.6124301675977654,0.7787647317086344,487,308,20,asc,1.1145273631840795,0.9199999999999999,0.6248024582967515,0.9365576352308116,487,402,23,asc,2.0625882352941174,0.35999999999999993,0.6248024582967515,0.3008371353040924,487,85,9,desc,1.2584813146037634,0.7959183673469388,0.6124301675977654,0.7787647317086344,487,308,39,asc,1.1125494974109047,0.9183673469387755,0.6248024582967515,0.9365576352308116,487,402,45,asc,1.9877551020408162,0.3469387755102041,0.6248024582967515,0.3008371353040924,487,85,17,desc,5jkv,5JKV,qvina,QVina2
boltz2_affinity_pred_value,1.13671875,0.8571428571428571,0.7500233907185628,0.9363967653808557,679,512,6,asc,1.0692913385826772,1.0,0.7249463135289907,0.9815221580153098,679,635,7,asc,4.409090909090908,0.2857142857142857,0.7249463135289907,0.19562844202963312,679,44,2,desc,1.2871668198529411,0.9705882352941176,0.7500233907185628,0.9363967653808557,679,512,33,asc,1.0692913385826772,1.0,0.7249463135289907,0.9815221580153098,679,635,34,asc,2.2693850267379676,0.14705882352941177,0.7249463135289907,0.19562844202963312,679,44,5,desc,1.2481617647058822,0.9411764705882352,0.7500233907185628,0.9363967653808557,679,512,64,asc,1.0535664659564614,0.9852941176470589,0.7249463135289907,0.9815221580153098,679,635,67,asc,2.4963235294117645,0.25,0.7249463135289907,0.19562844202963312,679,44,11,desc,5mo4,5MO4,boltz2,Boltz-2
dynamicbind_affinity_bestpose,1.3294346978557505,1.0,0.8680231149866777,0.9449789872369058,682,513,7,desc,1.0689655172413794,1.0,0.7457965232259903,0.9566575083399315,682,638,7,desc,2.2142857142857144,0.14285714285714288,0.7457965232259903,0.27369502413391067,682,44,1,asc,1.2154831523252576,0.9142857142857143,0.8680231149866777,0.9449789872369058,682,513,32,desc,1.0078817733990149,0.9428571428571428,0.7457965232259903,0.9566575083399315,682,638,33,desc,3.5428571428571427,0.22857142857142856,0.7457965232259903,0.27369502413391067,682,44,8,asc,1.2716331892533266,0.9565217391304348,0.8680231149866777,0.9449789872369058,682,513,66,desc,1.0379810094952524,0.9710144927536231,0.7457965232259903,0.9566575083399315,682,638,67,desc,2.920289855072464,0.29545454545454547,0.7457965232259903,0.27369502413391067,682,44,13,asc,5mo4,5MO4,dynamicbind,DynamicBind
gnina_cnn_affinity_bestpose,1.3294346978557505,1.0,0.7583595741490479,0.9626803452074083,682,513,7,desc,1.0689655172413794,1.0,0.6819250498717583,0.9714236517681911,682,638,7,desc,0.0,0.0,0.6819250498717583,0.11403121942561324,682,44,0,asc,1.291450849345586,0.9714285714285713,0.7583595741490479,0.9626803452074083,682,513,34,desc,1.0384236453201972,0.9714285714285714,0.6819250498717583,0.9714236517681911,682,638,34,desc,0.8857142857142857,0.05714285714285714,0.6819250498717583,0.11403121942561324,682,44,2,asc,1.2716331892533266,0.9565217391304348,0.7583595741490479,0.9626803452074083,682,513,66,desc,1.053473263368316,0.9855072463768115,0.6819250498717583,0.9714236517681911,682,638,68,desc,1.3478260869565217,0.13636363636363638,0.6819250498717583,0.11403121942561324,682,44,6,asc,5mo4,5MO4,gnina,GNINA 1.3
plapt_affinity,0.379838485101643,0.2857142857142857,0.6361004417684579,0.6418979118405395,682,513,2,desc,0.916256157635468,0.857142857142857,0.6234682245654033,0.8762763003826933,682,638,6,desc,0.0,0.0,0.6234682245654033,0.1396119146283956,682,44,0,asc,0.7976608187134503,0.6,0.6361004417684579,0.6418979118405395,682,513,21,desc,0.9467980295566503,0.8857142857142856,0.6234682245654033,0.8762763003826933,682,638,31,desc,1.3285714285714285,0.08571428571428572,0.6234682245654033,0.1396119146283956,682,44,3,asc,0.9633584767070655,0.7246376811594203,0.6361004417684579,0.6418979118405395,682,513,50,desc,0.9915042478760621,0.927536231884058,0.6234682245654033,0.8762763003826933,682,638,64,desc,1.7971014492753623,0.18181818181818182,0.6234682245654033,0.1396119146283956,682,44,8,asc,5mo4,5MO4,plapt,PLAPT
qvina_affinity_bestpose,1.3294346978557505,1.0,0.7993932892718317,0.9955340791134989,682,513,7,asc,1.0689655172413794,1.0,0.6893167569108007,0.9997905574265787,682,638,7,asc,0.0,0.0,0.6893167569108007,0.17746528090647204,682,44,0,desc,1.3294346978557505,1.0,0.7993932892718317,0.9955340791134989,682,513,35,asc,1.0689655172413794,1.0,0.6893167569108007,0.9997905574265787,682,638,35,asc,3.1,0.2,0.6893167569108007,0.17746528090647204,682,44,7,desc,1.3294346978557505,1.0,0.7993932892718317,0.9955340791134989,682,513,69,asc,1.0689655172413794,1.0,0.6893167569108007,0.9997905574265787,682,638,69,asc,2.0217391304347827,0.20454545454545456,0.6893167569108007,0.17746528090647204,682,44,9,desc,5mo4,5MO4,qvina,QVina2
boltz2_affinity_pred_value,1.8447204968944095,0.2727272727272727,0.6678223388305847,0.4134803553052618,1089,161,3,asc,1.5714285714285714,0.9090909090909091,0.688013971020507,0.8717853508440007,1089,630,10,asc,1.5098039215686274,0.6363636363636364,0.688013971020507,0.6882098731425328,1089,459,7,desc,3.3204968944099376,0.4909090909090909,0.6678223388305847,0.4134803553052618,1089,161,27,asc,1.5714285714285714,0.9090909090909091,0.688013971020507,0.8717853508440007,1089,630,50,asc,1.5529411764705883,0.6545454545454545,0.688013971020507,0.6882098731425328,1089,459,36,desc,2.6683571713487946,0.3944954128440367,0.6678223388305847,0.4134803553052618,1089,161,43,asc,1.522411533420708,0.8807339449541286,0.688013971020507,0.8717853508440007,1089,630,96,asc,1.654254362295377,0.6972477064220184,0.688013971020507,0.6882098731425328,1089,459,76,desc,6gqj,6GQJ,boltz2,Boltz-2
dynamicbind_affinity_bestpose,0.0,0.0,0.48567011137288496,0.025921122244907117,1089,161,0,desc,0.9428571428571428,0.5454545454545454,0.6198948715288585,0.686393584602204,1089,630,6,desc,0.6470588235294117,0.2727272727272727,0.6198948715288585,0.5180398366131218,1089,459,3,asc,0.0,0.0,0.48567011137288496,0.025921122244907117,1089,161,0,desc,1.1942857142857144,0.6909090909090909,0.6198948715288585,0.686393584602204,1089,630,38,desc,1.2078431372549019,0.509090909090909,0.6198948715288585,0.5180398366131218,1089,459,28,asc,0.12410963587668812,0.01834862385321101,0.48567011137288496,0.025921122244907117,1089,161,2,desc,1.2369593709043252,0.7155963302752294,0.6198948715288585,0.686393584602204,1089,630,78,desc,1.2842237812556214,0.5412844036697247,0.6198948715288585,0.5180398366131218,1089,459,59,asc,6gqj,6GQJ,dynamicbind,DynamicBind
gnina_cnn_affinity_bestpose,1.2329545454545454,0.18181818181818182,0.6956317567567567,0.3079384591962848,1085,160,2,desc,1.7304625199362043,1.0,0.6644049086591031,0.8590710346837166,1085,627,11,desc,1.2921794362842396,0.5454545454545454,0.6644049086591031,0.5851388018626227,1085,458,6,asc,2.0960227272727274,0.30909090909090914,0.6956317567567567,0.3079384591962848,1085,160,17,desc,1.5731477453965492,0.9090909090909091,0.6644049086591031,0.8590710346837166,1085,627,50,desc,1.3783247320365224,0.5818181818181818,0.6644049086591031,0.5851388018626227,1085,458,32,asc,2.177465596330275,0.3211009174311926,0.6956317567567567,0.3079384591962848,1085,160,35,desc,1.4288222641675081,0.8256880733944955,0.6644049086591031,0.8590710346837166,1085,627,90,desc,1.4561716277392731,0.6146788990825688,0.6644049086591031,0.5851388018626227,1085,458,67,asc,6gqj,6GQJ,gnina,GNINA 1.3
plapt_affinity,0.0,0.0,0.4833275326622403,0.1219804489063204,1089,161,0,desc,0.9428571428571428,0.5454545454545454,0.5998270913303593,0.6908401991961475,1089,630,6,desc,1.7254901960784315,0.7272727272727273,0.5998270913303593,0.590071209008659,1089,459,8,asc,0.7378881987577639,0.10909090909090909,0.4833275326622403,0.1219804489063204,1089,161,6,desc,1.1942857142857144,0.6909090909090909,0.5998270913303593,0.6908401991961475,1089,630,38,desc,1.423529411764706,0.6,0.5998270913303593,0.590071209008659,1089,459,33,asc,0.7446578152601288,0.11009174311926606,0.4833275326622403,0.1219804489063204,1089,161,12,desc,1.2211009174311926,0.7064220183486238,0.5998270913303593,0.6908401991961475,1089,630,77,desc,1.305990286022666,0.5504587155963303,0.5998270913303593,0.590071209008659,1089,459,60,asc,6gqj,6GQJ,plapt,PLAPT
qvina_affinity_bestpose,3.0823863636363638,0.4545454545454546,0.4348344594594595,0.30032723445761705,1085,160,5,asc,1.2585181963172394,0.7272727272727272,0.5359286962941295,0.7397539092634088,1085,627,8,asc,1.2921794362842396,0.5454545454545454,0.5359286962941295,0.4588572489010069,1085,458,6,desc,2.465909090909091,0.36363636363636365,0.4348344594594595,0.30032723445761705,1085,160,20,asc,1.3529070610410325,0.7818181818181819,0.5359286962941295,0.7397539092634088,1085,627,43,asc,1.2491067884080982,0.5272727272727272,0.5359286962941295,0.4588572489010069,1085,458,29,desc,1.4309059633027523,0.21100917431192662,0.4348344594594595,0.30032723445761705,1085,160,23,asc,1.2700642348155629,0.7339449541284404,0.5359286962941295,0.7397539092634088,1085,627,80,asc,0.9562918152317615,0.4036697247706422,0.5359286962941295,0.4588572489010069,1085,458,44,desc,6gqj,6GQJ,qvina,QVina2
boltz2_affinity_pred_value,1.693877551020408,1.0,0.9611177804455115,0.9999393215586743,249,147,3,asc,1.345945945945946,1.0,0.9350506756756757,0.9999961348832831,249,185,3,asc,3.8906250000000004,1.0,0.9350506756756757,0.9060317017884009,249,64,3,desc,1.693877551020408,1.0,0.9611177804455115,0.9999393215586743,249,147,13,asc,1.345945945945946,1.0,0.9350506756756757,0.9999961348832831,249,185,13,asc,3.8906250000000004,1.0,0.9350506756756757,0.9060317017884009,249,64,13,desc,1.693877551020408,1.0,0.9611177804455115,0.9999393215586743,249,147,25,asc,1.345945945945946,1.0,0.9350506756756757,0.9999961348832831,249,185,25,asc,3.2681250000000004,0.84,0.9350506756756757,0.9060317017884009,249,64,21,desc,6jok,6JOK,boltz2,Boltz-2
dynamicbind_affinity_bestpose,0.5630630630630631,0.3333333333333333,0.6057896131425543,0.46556141589897687,250,148,1,desc,1.3440860215053763,1.0,0.7540322580645161,0.8767266339968625,250,186,3,desc,3.90625,1.0,0.7540322580645161,0.9196672356170995,250,64,3,asc,0.6496881496881498,0.3846153846153847,0.6057896131425543,0.46556141589897687,250,148,5,desc,1.1373035566583953,0.8461538461538461,0.7540322580645161,0.8767266339968625,250,186,11,desc,3.90625,1.0,0.7540322580645161,0.9196672356170995,250,64,13,asc,0.8108108108108109,0.48,0.6057896131425543,0.46556141589897687,250,148,12,desc,1.1827956989247312,0.8800000000000001,0.7540322580645161,0.8767266339968625,250,186,22,desc,3.59375,0.92,0.7540322580645161,0.9196672356170995,250,64,23,asc,6jok,6JOK,dynamicbind,DynamicBind
gnina_cnn_affinity_bestpose,1.704225352112676,1.0,0.8415492957746479,0.8512524414450083,242,142,3,desc,1.3444444444444446,1.0,0.8241487455197133,0.948562385663139,242,180,3,desc,2.6021505376344085,0.6666666666666665,0.8241487455197133,0.6784031441376223,242,62,2,asc,1.3109425785482123,0.7692307692307692,0.8415492957746479,0.8512524414450083,242,142,10,desc,1.241025641025641,0.923076923076923,0.8241487455197133,0.948562385663139,242,180,12,desc,2.4019851116625315,0.6153846153846154,0.8241487455197133,0.6784031441376223,242,62,8,asc,1.4997183098591549,0.88,0.8415492957746479,0.8512524414450083,242,142,22,desc,1.2906666666666666,0.9599999999999999,0.8241487455197133,0.948562385663139,242,180,24,desc,2.6541935483870973,0.68,0.8241487455197133,0.6784031441376223,242,62,17,asc,6jok,6JOK,gnina,GNINA 1.3
plapt_affinity,1.1261261261261262,0.6666666666666666,0.6067832538420773,0.639317539058411,250,148,2,desc,0.8960573476702508,0.6666666666666666,0.667926747311828,0.8024250769541845,250,186,2,desc,2.6041666666666665,0.6666666666666666,0.667926747311828,0.5788754544786512,250,64,2,asc,1.0395010395010396,0.6153846153846154,0.6067832538420773,0.639317539058411,250,148,8,desc,1.1373035566583953,0.8461538461538461,0.667926747311828,0.8024250769541845,250,186,11,desc,2.4038461538461537,0.6153846153846153,0.667926747311828,0.5788754544786512,250,64,8,asc,0.8783783783783784,0.52,0.6067832538420773,0.639317539058411,250,148,13,desc,1.021505376344086,0.76,0.667926747311828,0.8024250769541845,250,186,19,desc,2.1875,0.56,0.667926747311828,0.5788754544786512,250,64,14,asc,6jok,6JOK,plapt,PLAPT
qvina_affinity_bestpose,0.5680751173708919,0.33333333333333326,0.6572887323943662,0.4816737975235612,242,142,1,asc,0.44814814814814813,0.3333333333333333,0.7266577060931899,0.7577176611642977,242,180,1,asc,2.6021505376344085,0.6666666666666665,0.7266577060931899,0.6945223004287663,242,62,2,desc,0.6554712892741061,0.3846153846153846,0.6572887323943662,0.4816737975235612,242,142,5,asc,0.9307692307692308,0.6923076923076923,0.7266577060931899,0.7577176611642977,242,180,9,asc,2.7022332506203477,0.6923076923076923,0.7266577060931899,0.6945223004287663,242,62,9,desc,0.6816901408450704,0.4,0.6572887323943662,0.4816737975235612,242,142,10,asc,1.0755555555555556,0.7999999999999999,0.7266577060931899,0.7577176611642977,242,180,20,asc,2.966451612903226,0.76,0.7266577060931899,0.6945223004287663,242,62,19,desc,6jok,6JOK,qvina,QVina2
boltz2_affinity_pred_value,4.611111111111111,1.0,0.9102564102564102,0.8221195274274985,83,18,1,asc,2.024390243902439,1.0,0.8344947735191638,0.8757786638471664,83,41,1,asc,1.9761904761904763,1.0,0.8344947735191638,0.9100949573797621,83,42,1,desc,3.688888888888889,0.8000000000000002,0.9102564102564102,0.8221195274274985,83,18,4,asc,1.6195121951219513,0.8,0.8344947735191638,0.8757786638471664,83,41,4,asc,1.580952380952381,0.8,0.8344947735191638,0.9100949573797621,83,42,4,desc,3.5864197530864197,0.7777777777777778,0.9102564102564102,0.8221195274274985,83,18,7,asc,1.5745257452574526,0.7777777777777778,0.8344947735191638,0.8757786638471664,83,41,7,asc,1.7566137566137567,0.888888888888889,0.8344947735191638,0.9100949573797621,83,42,8,desc,7awe,7AWE,boltz2,Boltz-2
dynamicbind_affinity_bestpose,0.0,0.0,0.676923076923077,0.20001610131665057,83,18,0,desc,0.0,0.0,0.6306620209059234,0.5276905492038776,83,41,0,desc,1.9761904761904763,1.0,0.6306620209059234,0.8063108696824853,83,42,1,asc,0.9222222222222223,0.20000000000000004,0.676923076923077,0.20001610131665057,83,18,1,desc,0.8097560975609757,0.4,0.6306620209059234,0.5276905492038776,83,41,2,desc,1.9761904761904763,1.0,0.6306620209059234,0.8063108696824853,83,42,5,asc,1.0246913580246912,0.2222222222222222,0.676923076923077,0.20001610131665057,83,18,2,desc,1.3495934959349594,0.6666666666666666,0.6306620209059234,0.5276905492038776,83,41,6,desc,1.3174603174603174,0.6666666666666666,0.6306620209059234,0.8063108696824853,83,42,6,asc,7awe,7AWE,dynamicbind,DynamicBind
gnina_cnn_affinity_bestpose,3.9333333333333336,1.0,0.7833333333333333,0.6306308495562994,59,15,1,desc,2.185185185185185,1.0,0.7193287037037037,0.8779082697267067,59,27,1,desc,1.84375,1.0,0.7193287037037037,0.736112329838621,59,32,1,asc,2.6222222222222222,0.6666666666666666,0.7833333333333333,0.6306308495562994,59,15,2,desc,2.185185185185185,1.0,0.7193287037037037,0.8779082697267067,59,27,3,desc,1.2291666666666665,0.6666666666666666,0.7193287037037037,0.736112329838621,59,32,2,asc,2.6222222222222222,0.6666666666666666,0.7833333333333333,0.6306308495562994,59,15,4,desc,1.8209876543209877,0.8333333333333334,0.7193287037037037,0.8779082697267067,59,27,5,desc,1.5364583333333335,0.8333333333333334,0.7193287037037037,0.736112329838621,59,32,5,asc,7awe,7AWE,gnina,GNINA 1.3
plapt_affinity,4.611111111111111,1.0,0.6957264957264957,0.4205261472729463,83,18,1,desc,2.024390243902439,1.0,0.6991869918699187,0.6190456912066212,83,41,1,desc,1.9761904761904763,1.0,0.6991869918699187,0.9656385898478191,83,42,1,asc,1.8444444444444446,0.4000000000000001,0.6957264957264957,0.4205261472729463,83,18,2,desc,1.2146341463414634,0.6,0.6991869918699187,0.6190456912066212,83,41,3,desc,1.9761904761904763,1.0,0.6991869918699187,0.9656385898478191,83,42,5,asc,1.537037037037037,0.33333333333333337,0.6957264957264957,0.4205261472729463,83,18,3,desc,0.8997289972899729,0.4444444444444444,0.6991869918699187,0.6190456912066212,83,41,4,desc,1.7566137566137567,0.888888888888889,0.6991869918699187,0.9656385898478191,83,42,8,asc,7awe,7AWE,plapt,PLAPT
qvina_affinity_bestpose,0.0,0.0,0.32154882154882153,0.0003104053118859453,42,9,0,asc,0.0,0.0,0.24814814814814815,0.0009899722228763372,42,15,0,asc,0.0,0.0,0.24814814814814815,0.3309854293212336,42,27,0,desc,0.0,0.0,0.32154882154882153,0.0003104053118859453,42,9,0,asc,0.0,0.0,0.24814814814814815,0.0009899722228763372,42,15,0,asc,0.5185185185185185,0.33333333333333337,0.24814814814814815,0.3309854293212336,42,27,1,desc,0.0,0.0,0.32154882154882153,0.0003104053118859453,42,9,0,asc,0.0,0.0,0.24814814814814815,0.0009899722228763372,42,15,0,asc,0.6222222222222222,0.4000000000000001,0.24814814814814815,0.3309854293212336,42,27,2,desc,7awe,7AWE,qvina,QVina2
boltz2_affinity_pred_value,1.3615084525357608,1.0,0.8582995762037964,0.9997091333065052,1047,769,11,asc,1.040755467196819,1.0,0.8954565291179751,0.9999986606858774,1047,1006,11,asc,9.286031042128602,0.36363636363636365,0.8954565291179751,0.4549287610262504,1047,41,4,desc,1.3615084525357608,1.0,0.8582995762037964,0.9997091333065052,1047,769,53,asc,1.040755467196819,1.0,0.8954565291179751,0.9999986606858774,1047,1006,53,asc,7.227335480901978,0.3658536585365853,0.8954565291179751,0.4549287610262504,1047,41,15,desc,1.3615084525357608,1.0,0.8582995762037964,0.9997091333065052,1047,769,105,asc,1.040755467196819,1.0,0.8954565291179751,0.9999986606858774,1047,1006,105,asc,4.864111498257839,0.4878048780487804,0.8954565291179751,0.4549287610262504,1047,41,20,desc,7kk3,7KK3,boltz2,Boltz-2
dynamicbind_affinity_bestpose,1.1131941987973117,0.8181818181818182,0.4730052533848408,0.7704679796422328,1049,771,9,desc,1.0406746031746033,1.0,0.4502274487030585,0.9223864580161337,1049,1008,11,desc,0.0,0.0,0.4502274487030585,0.04085508023839081,1049,41,0,asc,1.1038592369625335,0.8113207547169813,0.4730052533848408,0.7704679796422328,1049,771,43,desc,1.0210392333033842,0.981132075471698,0.4502274487030585,0.9223864580161337,1049,1008,52,desc,0.0,0.0,0.4502274487030585,0.04085508023839081,1049,41,0,asc,1.0495831017231796,0.7714285714285715,0.4730052533848408,0.7704679796422328,1049,771,81,desc,0.9911186696900982,0.9523809523809522,0.4502274487030585,0.9223864580161337,1049,1008,100,desc,0.7310104529616724,0.07317073170731707,0.4502274487030585,0.04085508023839081,1049,41,3,asc,7kk3,7KK3,dynamicbind,DynamicBind
gnina_cnn_affinity_bestpose,1.1666666666666667,0.8333333333333335,0.6458049886621315,0.9028589821061743,588,420,5,desc,1.044404973357016,1.0,0.49822380106571934,0.9851803912011974,588,563,6,desc,3.92,0.16666666666666666,0.49822380106571934,0.07198396901187434,588,25,1,asc,1.3533333333333333,0.9666666666666667,0.6458049886621315,0.9028589821061743,588,420,29,desc,1.044404973357016,1.0,0.49822380106571934,0.9851803912011974,588,563,30,desc,0.784,0.04,0.49822380106571934,0.07198396901187434,588,25,1,asc,1.2576271186440677,0.8983050847457628,0.6458049886621315,0.9028589821061743,588,420,53,desc,1.044404973357016,1.0,0.49822380106571934,0.9851803912011974,588,563,59,desc,0.39864406779661016,0.04,0.49822380106571934,0.07198396901187434,588,25,1,asc,7kk3,7KK3,gnina,GNINA 1.3
plapt_affinity,1.3605706874189365,1.0,0.7514953018130243,0.9655635151003917,1049,771,11,desc,1.0406746031746033,1.0,0.671602787456446,0.977377453623703,1049,1008,11,desc,2.325942350332594,0.09090909090909091,0.671602787456446,0.15753337151354596,1049,41,1,asc,1.309228397327656,0.9622641509433962,0.7514953018130243,0.9655635151003917,1049,771,51,desc,1.0210392333033842,0.981132075471698,0.671602787456446,0.977377453623703,1049,1008,52,desc,1.9309710078232856,0.09756097560975609,0.671602787456446,0.15753337151354596,1049,41,4,asc,1.3087394231363103,0.9619047619047619,0.7514953018130243,0.9655635151003917,1049,771,101,desc,1.0307634164777022,0.9904761904761904,0.671602787456446,0.977377453623703,1049,1008,104,desc,2.9240418118466898,0.2926829268292683,0.671602787456446,0.15753337151354596,1049,41,12,asc,7kk3,7KK3,plapt,PLAPT
qvina_affinity_bestpose,0.8298062593144561,0.6,0.5769888719432638,0.7880398351123975,928,671,6,asc,0.9405405405405406,0.9,0.6128096846846847,0.9341682089544721,928,888,9,asc,2.32,0.09999999999999999,0.6128096846846847,0.09628878164375534,928,40,1,desc,1.0887528934267687,0.7872340425531915,0.5769888719432638,0.7880398351123975,928,671,37,asc,1.0005750431282348,0.9574468085106385,0.6128096846846847,0.9341682089544721,928,888,45,asc,0.9872340425531914,0.049999999999999996,0.6128096846846847,0.09628878164375534,928,40,2,desc,1.1004599137861961,0.7956989247311828,0.5769888719432638,0.7880398351123975,928,671,74,asc,1.011333914559721,0.9677419354838711,0.6128096846846847,0.9341682089544721,928,888,90,asc,1.2473118279569892,0.125,0.6128096846846847,0.09628878164375534,928,40,5,desc,7kk3,7KK3,qvina,QVina2
