target,method_id,metric,n_points,pearson_r,pearson_p,spearman_rho,spearman_p,kendall_tau,kendall_p,method_label,pearson_p_bh,spearman_p_bh,kendall_p_bh,pearson_ci_low,pearson_ci_high,pearson_perm_p,spearman_ci_low,spearman_ci_high,spearman_perm_p,kendall_ci_low,kendall_ci_high,kendall_perm_p,calibrated_rmse,calibrated_rmse_ci_low,calibrated_rmse_ci_high,calibrated_rmse_boot_mean,calibrated_mae,calibrated_mae_ci_low,calibrated_mae_ci_high,calibrated_mae_boot_mean
1g5m,boltz2,boltz2_affinity_pred_value,244,0.49364950832661925,2.1552484735477735e-16,0.5376209336933547,1.1178273602602654e-19,0.38536211550695026,3.3140595589843424e-19,Boltz-2,6.63153376476238e-16,4.471309441041062e-19,1.325623823593737e-18,0.35221810179627905,0.613028858872195,9.999000099990002e-05,0.4284376012792491,0.6333437923678114,9.999000099990002e-05,0.3049674425625519,0.46042625574577434,9.999000099990002e-05,0.6924034486710198,0.5895078058085154,0.7930072198693826,0.6858916361119712,0.5154390764151386,0.4548091489480097,0.5771885995513522,0.5132720226161231
1g5m,dynamicbind,dynamicbind_affinity_bestpose,244,0.16312311076145725,0.010707676597697854,0.19662428715658037,0.002030213123643879,0.13513837480283153,0.0016820533632796787,DynamicBind,0.014276902130263806,0.00300772314613908,0.0025389484728749866,0.039263613069643544,0.2816068446300502,0.0105989401059894,0.07164045184738096,0.3179541424004745,0.0011998800119988001,0.04763412746911162,0.22166884005747547,0.0015998400159984002,0.7855121086896953,0.6810122884314869,0.8863405360340181,0.7805387434795608,0.5819658092827849,0.5117555215922981,0.6551714222133564,0.5800253832973327
1g5m,gnina,gnina_cnn_affinity_bestpose,242,0.09202258400645486,0.15353568318920546,0.08155248514898475,0.20615928558554997,0.05673979437231344,0.18909879805422058,GNINA 1.3,0.18332618888263338,0.23229215277245063,0.2161129120619664,-0.0367656192677256,0.2138117675480868,0.16058394160583941,-0.039152425674441334,0.1998744994346928,0.20427957204279573,-0.022384075356559664,0.13445518765139644,0.19668033196680332,0.79598494419633,0.6895975270410886,0.8990371704822703,0.7917653917026738,0.5862660930458238,0.5143979749909735,0.6624296418601966,0.5861570619910532
1g5m,plapt,plapt_affinity,244,-0.05782335593660424,0.3684693060751077,-0.03864424617808554,0.5479950921979184,-0.02791891980063494,0.5163545388314047,PLAPT,0.39834519575687316,0.5845280983444463,0.5507781747534983,-0.1651908647519262,0.048782678031935076,0.37776222377762225,-0.163712007276742,0.08636707970673009,0.5480451954804519,-0.10849842064009677,0.0547415398638433,0.5216478352164784,0.7948441772546191,0.6899183368891647,0.9013066224867728,0.7904902100861788,0.5797089332749279,0.5100750354199677,0.6508323347591122,0.5781114460662181
1g5m,qvina,qvina_affinity_bestpose,244,0.10212629705026352,0.1115566663178966,0.11380457376032835,0.07600947297583543,0.07769532201889823,0.07536399730233953,QVina2,0.13522020159745043,0.0950118412197943,0.09420499662792442,-0.02566028472014837,0.22440873780544368,0.1040895910408959,-0.016788537145536814,0.24165479492004488,0.07649235076492351,-0.013403126255474433,0.1664878507529774,0.0680931906809319,0.7920134605845848,0.6859861467583824,0.8959100066690828,0.7872570255686171,0.576480522091155,0.5038284052707414,0.6499406403331375,0.5745330542379455
2z5x,boltz2,boltz2_affinity_pred_value,208,0.22395569819353142,0.0011464617404698084,0.16655856053884718,0.016195243610388915,0.1102874920944502,0.018906813873435863,Boltz-2,0.0018717742701547893,0.022338267048812296,0.02607836396335981,0.054699291700620024,0.37473611324516143,0.0015998400159984002,0.027387027678881886,0.29570326168259914,0.017198280171982803,0.012278521854343964,0.20401009672045287,0.0182981701829817,1.2805278633928192,1.1620070984780952,1.381651505656065,1.2721862648581361,1.0846701472940963,0.9750142878844534,1.1754092331457395,1.0762058874586218
2z5x,dynamicbind,dynamicbind_affinity_bestpose,213,-0.08457950515697038,0.21894528338666458,-0.1554619715544725,0.023246646592010586,-0.10864332419767438,0.019260205358667813,DynamicBind,0.25758268633725245,0.031520876734929607,0.02611553268971907,-0.23223863440987796,0.0608006934750329,0.2121787821217878,-0.2888941624758072,-0.023866597260890687,0.0212978702129787,-0.1998389992307428,-0.016895525622400008,0.018998100189981004,1.3194678646488367,1.1877007092166476,1.4279695755280628,1.3100997878678824,1.1092995463120932,0.9855320429207545,1.2081700769199957,1.098701448403756
2z5x,gnina,gnina_cnn_affinity_bestpose,212,0.05517037214306489,0.42420208918053476,0.004883926477071207,0.9436436560150122,0.0007666189360834555,0.9868553260138918,GNINA 1.3,0.44652851492687873,0.9436436560150122,0.9868553260138919,-0.08641166949596633,0.1861113915900084,0.41255874412558746,-0.13610197225497014,0.13984356339065077,0.942905709429057,-0.09018285319394485,0.0918438655605943,0.9865013498650135,1.3226836311450767,1.2013900268528572,1.4251492469090112,1.3139436435869876,1.1292927323069002,1.0188539460402906,1.2190465444685659,1.119489093755153
2z5x,plapt,plapt_affinity,213,-0.18652652308502707,0.006328654709853008,-0.1914763590836388,0.0050464558876874704,-0.13526808621322287,0.003568050411909004,PLAPT,0.008882322399793696,0.007082745105526274,0.0051898915082312785,-0.3162783812135833,-0.054420626723164355,0.006199380061993801,-0.33063763956916403,-0.05007903848098886,0.0051994800519948,-0.22956361559105518,-0.04057966604938441,0.003999600039996,1.3009728374252083,1.1757089672796672,1.4094740611187346,1.292161201879747,1.0817741353687838,0.9724903439987402,1.1786319235689497,1.0745622167705637
2z5x,qvina,qvina_affinity_bestpose,212,0.05084402774569618,0.4614874189708119,0.03327527923789633,0.6299733555429097,0.021315885248028094,0.6500057188931496,QVina2,0.479467448281363,0.6631298479399049,0.6842165462033154,-0.0930721629083545,0.18900794398520568,0.4480551944805519,-0.10168344971406397,0.16957792573804667,0.6322367763223677,-0.07327104155889691,0.11243012928192589,0.6513348665133487,1.3229878498394294,1.2001470769480684,1.4285575067222123,1.3139743778652346,1.126066535350966,1.017256512965324,1.2137560039221675,1.1161529448952674
3eyg,boltz2,boltz2_affinity_pred_value,2232,0.6953137432334764,3.16e-322,0.5985793883630399,4.24172603348341e-217,0.445454077340224,5.927958885306878e-214,Boltz-2,1.265e-320,1.6966904133933638e-215,2.3711835541227512e-212,0.6620761628948035,0.7252922570963417,9.999000099990002e-05,0.5652314646861789,0.6308148919430442,9.999000099990002e-05,0.4195273194893959,0.4706066463413704,9.999000099990002e-05,0.5466470752416623,0.5235703833956333,0.5694659490799315,0.5462338934229628,0.3786754387852965,0.3616612592645241,0.39566320291875,0.37845914885269405
3eyg,dynamicbind,dynamicbind_affinity_bestpose,2234,0.16628648550107503,2.5677202353601464e-15,0.03435270800339155,0.10453420508780492,0.025733257519936204,0.07118405941744921,DynamicBind,7.608059956622655e-15,0.12865748318499065,0.09039245640311011,0.10777833657503888,0.22312071209226436,9.999000099990002e-05,-0.009539322387938334,0.07717840611301306,0.11088891110888911,-0.00418910724081893,0.05562556536922725,0.0688931106889311,0.7532705971405322,0.7189345468786461,0.7862570616324775,0.7527800636322385,0.5412497498262667,0.5152585677983482,0.5672827306435335,0.5409991092938299
3eyg,gnina,gnina_cnn_affinity_bestpose,2195,0.04093694856025912,0.05515651802577262,0.020896026899358898,0.32780468863315015,0.023571284253973538,0.1015808905944101,GNINA 1.3,0.07214843830622317,0.36422743181461126,0.12129061563511652,-0.012186869982441555,0.09455359955674256,0.054594540545945404,-0.024008105884587457,0.06630670739714511,0.32226777322267774,-0.007308852224522564,0.054807961323908944,0.100989901009899,0.7635240328871186,0.7266008299471652,0.7987627045041957,0.7629507843754589,0.5430959803929465,0.5163784199655033,0.5700238478206956,0.5428856308221455
3eyg,plapt,plapt_affinity,2234,0.21135991539515092,5.599414986329571e-24,0.13429710488394356,1.8546640389349713e-10,0.0906650142802627,2.0569555155461583e-10,PLAPT,2.3576484152966616e-23,4.6366600973374284e-10,5.308272298183634e-10,0.165674064282972,0.2566672362782072,9.999000099990002e-05,0.09208814294544684,0.1778492134512955,9.999000099990002e-05,0.061102174341763536,0.11996457391084718,9.999000099990002e-05,0.7466481550508742,0.7124422794338102,0.7799885283040843,0.746308610778882,0.5342141208692198,0.5090103608672599,0.559359273672344,0.5341091503956964
3eyg,qvina,qvina_affinity_bestpose,2201,-0.04075448465528317,0.055915039687322955,-0.12603258984006926,2.972520850787388e-09,-0.08777210390520784,1.7010761632851428e-09,QVina2,0.07214843830622317,6.794333373228316e-09,4.002532148906218e-09,-0.08395760215537032,0.001954820790721758,0.05219478052194781,-0.1669832951040026,-0.08488474371681749,9.999000099990002e-05,-0.11566542938523947,-0.06058695858492544,9.999000099990002e-05,0.7625446935011219,0.725394405977746,0.7994063851236047,0.7622594037144803,0.5386311484625204,0.5106785902778225,0.5671348907579192,0.5383860555647935
3jy9,boltz2,boltz2_affinity_pred_value,2009,0.7503734740849952,0.0,0.6513671990686001,6.44368436317999e-243,0.47306666601872144,9.056659976892504e-218,Boltz-2,0.0,5.154947490543992e-241,7.245327981514003e-216,0.7258071724146546,0.7735911408165607,9.999000099990002e-05,0.6212984397845486,0.6795400261995014,9.999000099990002e-05,0.4471447173493959,0.4974464789760961,9.999000099990002e-05,0.7231680406810992,0.6922741628858856,0.7520642495523044,0.7223972192603062,0.5296820514761571,0.5077030380032143,0.5512207096520153,0.5294608866407096
3jy9,dynamicbind,dynamicbind_affinity_bestpose,2014,0.2749211569911057,2.965091005771804e-36,0.17424904514569464,3.398011445818788e-15,0.11956797822886181,1.5671262479473372e-15,DynamicBind,2.156429822379494e-35,1.1326704819395959e-14,5.698640901626681e-15,0.21854583937388952,0.32632394349000643,9.999000099990002e-05,0.12878341678349897,0.2185970162496565,9.999000099990002e-05,0.0888073471715362,0.15052170941736265,9.999000099990002e-05,1.0543810373169773,1.019435789520583,1.0854228468251546,1.052991125963729,0.852102113849428,0.8150411021811161,0.8876872791592076,0.8515730946733997
3jy9,gnina,gnina_cnn_affinity_bestpose,1986,0.1228919753513684,3.928970382715896e-08,0.13593190947174053,1.1855801710324007e-09,0.09119701501501705,1.5758886299985414e-09,GNINA 1.3,8.27151659519136e-08,2.874133747957335e-09,3.820336072723737e-09,0.07836283293675836,0.1664416397698314,9.999000099990002e-05,0.0938638369806767,0.1771731063686313,9.999000099990002e-05,0.062241212865738894,0.12008736426015881,9.999000099990002e-05,1.0887555666097204,1.0520564114183704,1.121917707994631,1.0877105284581425,0.8742643681801537,0.8368112007473139,0.9109374567767281,0.8739358983900771
3jy9,plapt,plapt_affinity,2014,0.2695316222225098,7.331023035551296e-35,0.2263356973973397,8.247335951410021e-25,0.1552486128784043,4.16970395716521e-25,PLAPT,4.887348690367531e-34,3.8810992712517746e-24,1.8532017587400932e-24,0.2224305357772141,0.31460167931615335,9.999000099990002e-05,0.18206189627200325,0.2700978836686938,9.999000099990002e-05,0.12400850279540486,0.18536191421276166,9.999000099990002e-05,1.0560531529030455,1.021816809953931,1.0870854598203916,1.0548361721003807,0.8462407685858774,0.8124333162369106,0.879368598638144,0.8458704871583362
3jy9,qvina,qvina_affinity_bestpose,1985,0.06727562002418988,0.0027098886447089825,0.028580048146678378,0.203090983835289,0.019237906920762812,0.21109920230684676,QVina2,0.004169059453398434,0.23210398152604458,0.23785825612039072,0.014855756063635853,0.11831157490755594,0.0030996900309969004,-0.017360029560618426,0.07432765507335669,0.19858014198580143,-0.013165643778614844,0.05127566114411989,0.21227877212278773,1.0947488822363243,1.0580394060321676,1.1285498560083953,1.0936078610143818,0.8799613182691076,0.8410281762535238,0.9176153504246487,0.8792961688132175
3lxk,boltz2,boltz2_affinity_pred_value,755,-0.30278283213437507,1.795315076607957e-17,-0.3594003951777526,1.9462447320670266e-24,-0.27749958296222416,1.0233371966295011e-25,Boltz-2,5.745008245145462e-17,8.649976586964562e-24,4.8157044547270635e-25,-0.387208813662238,-0.21409506218127297,9.999000099990002e-05,-0.4309646468557955,-0.28532204580444975,9.999000099990002e-05,-0.33337299849864466,-0.22056414371612387,9.999000099990002e-05,1.1323830519004867,1.0799878774836824,1.1786959768376835,1.1302293289004386,1.016092556061879,0.9651233831297391,1.0596366543693094,1.0136165179224337
3lxk,dynamicbind,dynamicbind_affinity_bestpose,758,0.0393716901772138,0.27898407166749045,-0.057088428718056416,0.11631413223228433,-0.040385087468378954,0.12619517295630067,DynamicBind,0.30573596895067445,0.14098682694822343,0.14846490936035373,-0.0429376148584303,0.12008203037356939,0.2853714628537146,-0.1301316688119772,0.014930712581047393,0.11528847115288471,-0.09345979006136233,0.011962322929510402,0.12248775122487751,1.1883513877772738,1.1462829994279713,1.225662644921857,1.1865964813240921,1.089722214112483,1.0495805052004819,1.1228387020554156,1.0868170242865782
3lxk,gnina,gnina_cnn_affinity_bestpose,751,-0.19118656750151566,1.2961079077023624e-07,-0.23099390924796068,1.4885942983824458e-10,-0.16699052436605394,3.3218100059567767e-10,GNINA 1.3,2.592215815404725e-07,3.841533673245022e-10,8.304525014891942e-10,-0.25747567477672295,-0.12334289975911857,9.999000099990002e-05,-0.29820698208821517,-0.16235061493204492,9.999000099990002e-05,-0.2177001003595315,-0.11724059251107348,9.999000099990002e-05,1.161820375883389,1.114985817793486,1.2067755042655122,1.1601296316748082,1.0428942769190626,0.9971799146451308,1.0830143181407568,1.0407404096812816
3lxk,plapt,plapt_affinity,758,0.025352222049665557,0.48583257878882125,0.06951100568545908,0.055758426132391715,0.05189811667770582,0.04938668532457924,PLAPT,0.498289824398791,0.07194635629986028,0.06476942337649737,-0.045292083836617,0.09751590075961644,0.48385161483851613,-0.0037339692238058777,0.14201530452259364,0.0560943905609439,-0.0025998660993267184,0.10425473222312415,0.04789521047895211,1.1888912541496617,1.1460659325210736,1.2275924579297348,1.1873160156938867,1.0884230728074586,1.0495765710384841,1.1213308647368927,1.0856127668478017
3lxk,qvina,qvina_affinity_bestpose,751,-0.27363943574042204,2.3011038424801648e-14,-0.3007768907916067,3.6160839674292664e-17,-0.22632907174719685,7.610419310211938e-17,QVina2,6.574582407086185e-14,1.377555797115911e-16,2.8992073562712145e-16,-0.33900898947430047,-0.20564631522040178,9.999000099990002e-05,-0.3689287424856498,-0.22844732128783263,9.999000099990002e-05,-0.2787446680931564,-0.17167269001644758,9.999000099990002e-05,1.138477088467102,1.0903247305257713,1.1846921361178504,1.1369358743896647,0.9974199321667027,0.9431075194718297,1.0453818360357594,0.9950866480035687
3mjg,boltz2,boltz2_affinity_pred_value,274,0.7280301423961411,1.6692318700582214e-46,0.6036666953803425,1.3567296744927975e-28,0.4442570422857734,9.372127670875523e-28,Boltz-2,1.4837616622739748e-45,7.2358915972949205e-28,5.355501526214585e-27,0.6487661236951366,0.7934295357076792,9.999000099990002e-05,0.5060548392188907,0.6895217725090774,9.999000099990002e-05,0.36547621476777153,0.5172245432541006,9.999000099990002e-05,0.8147312372230109,0.7319825389919011,0.8875039062305409,0.8105819247472459,0.6225791173252617,0.5480146382888267,0.6941089463353455,0.6203444949262608
3mjg,dynamicbind,dynamicbind_affinity_bestpose,275,0.4989063078657021,1.0302721825019414e-18,0.2778517586824021,2.8810663831928465e-06,0.18000513053211567,9.321644127037864e-06,DynamicBind,3.74644430000706e-18,5.762132766385693e-06,1.7755512622929262e-05,0.3660016294707188,0.6061409015328509,9.999000099990002e-05,0.1428390520579816,0.4011615964571522,9.999000099990002e-05,0.08171514303959083,0.27407438101065185,9.999000099990002e-05,1.0320732465192943,0.9435427310903227,1.109517716140111,1.0265334580692889,0.8617002959492095,0.7814677214304006,0.9335760182116769,0.8573510298565549
3mjg,gnina,gnina_cnn_affinity_bestpose,268,0.3062276299674206,3.1692621218721486e-07,0.25069812875946795,3.304349425874974e-05,0.1729905336325179,2.6326668784487024e-05,GNINA 1.3,6.183926091457851e-07,5.7466946536956075e-05,4.680296672797693e-05,0.1831465921482001,0.42097300444187646,9.999000099990002e-05,0.12837356596599467,0.3647283586967814,0.00019998000199980003,0.08842108796186555,0.2545133166250369,0.00019998000199980003,1.1315355506051143,1.0508848593751763,1.1989306143290162,1.1256063870413173,0.9704612793977623,0.8808026908451732,1.043787121046118,0.9637343040661673
3mjg,plapt,plapt_affinity,275,0.25500519768114405,1.8647564567426967e-05,0.2346183193445143,8.567376165610302e-05,0.16305720114374772,5.943999690865232e-05,PLAPT,3.315122589764794e-05,0.00013707801864976484,9.962505802610127e-05,0.13144106213574958,0.3730293254478395,9.999000099990002e-05,0.11213416282236059,0.3481013711747241,9.999000099990002e-05,0.07946400212664781,0.24616038353890052,9.999000099990002e-05,1.1514980119223721,1.0563133705368544,1.2285324056911533,1.1451944902418956,0.980620716889866,0.8868788693868845,1.0588160185500441,0.9743446611630648
3mjg,qvina,qvina_affinity_bestpose,268,0.10238061991284517,0.0944047641751926,0.07955723349735712,0.19415705544274095,0.05942478076932866,0.15490722664797024,QVina2,0.11619047898485244,0.2251096294988301,0.1796025816208351,-0.01007718553793294,0.21077800185546222,0.09579042095790422,-0.03531673665724454,0.19467880817959743,0.18858114188581143,-0.01835728692964407,0.13892723153269043,0.15408459154084592,1.1823938590500407,1.0850012732674235,1.266462329044994,1.1770286137363264,1.000529963912303,0.9059289196430843,1.0822298020699455,0.9941375373561452
4ase,boltz2,boltz2_affinity_pred_value,850,0.6940286894398445,3.861099090358743e-123,0.7046910340398457,1.6001412175569597e-128,0.5128352805714016,5.0095814419072134e-110,Boltz-2,7.722198180717486e-122,3.2002824351139193e-127,1.0019162883814428e-108,0.6541915904497977,0.7318874589055249,9.999000099990002e-05,0.6669937889352422,0.7387676438847937,9.999000099990002e-05,0.48121332858437327,0.5434799033991019,9.999000099990002e-05,0.8614028085588155,0.8085058499854489,0.9123926385210909,0.8600871167026356,0.6662450664335479,0.6272668365881859,0.7050066861726777,0.6657505068125571
4ase,dynamicbind,dynamicbind_affinity_bestpose,851,0.3078048630315267,3.9249532403238097e-20,0.2471788985322822,2.5956617776590657e-13,0.17015713991814385,1.3748925811589583e-13,DynamicBind,1.495220282028118e-19,7.690849711582418e-13,4.230438711258333e-13,0.23645068608943462,0.3766649992103741,9.999000099990002e-05,0.17940774221400202,0.313641783003678,9.999000099990002e-05,0.12185156818070556,0.2175610047017032,9.999000099990002e-05,1.1381130463987468,1.0899344402596056,1.1837068370299466,1.1362339306356763,0.9658025298557712,0.9229962822092734,1.005979661275657,0.9639705382059554
4ase,gnina,gnina_cnn_affinity_bestpose,838,0.5586688713053716,5.958247583321817e-70,0.5485530582326361,5.1880638975083415e-67,0.3926883748251738,2.2633330652043508e-64,GNINA 1.3,7.944330111095756e-69,6.917418530011122e-66,3.6213329043269613e-63,0.5038304200901236,0.6086725377057332,9.999000099990002e-05,0.4941984839095619,0.5993554483041176,9.999000099990002e-05,0.3495475811874321,0.43286942627336417,9.999000099990002e-05,0.9933529366839173,0.9415718601080758,1.0414883162268347,0.9919220184350125,0.8000395654996848,0.7573377190934821,0.8426129764953164,0.7994202468827687
4ase,plapt,plapt_affinity,851,0.25511287786448544,4.1383375152446506e-14,0.2506053193212105,1.183770059573977e-13,0.17285086187921317,5.653738324223685e-14,PLAPT,1.141610349033007e-13,3.6423694140737753e-13,1.8091962637515792e-13,0.18823602227817607,0.3192870237342462,9.999000099990002e-05,0.18517799677969604,0.31481177096064616,9.999000099990002e-05,0.12524455251159908,0.21802529567532755,9.999000099990002e-05,1.1566082392713692,1.1074775076787213,1.2031141990071965,1.154743086830859,0.9726408472151818,0.9271207010268585,1.0142582768574941,0.9709587994388196
4ase,qvina,qvina_affinity_bestpose,838,0.4033183172259434,4.0194921039789884e-34,0.36570931443890614,6.464838506949677e-28,0.2554519802016402,1.0430486162621941e-27,QVina2,2.2968526308451366e-33,3.2324192534748384e-27,5.562925953398369e-27,0.33823341008114605,0.4619165388289806,9.999000099990002e-05,0.3020580845823104,0.42779150232651997,9.999000099990002e-05,0.20947560651459338,0.30003618027276385,9.999000099990002e-05,1.0959577661605668,1.047547186182853,1.1420774570676067,1.094434555263297,0.9138000825847393,0.8694787582318835,0.9572027370420918,0.9125690276796691
4f65,boltz2,boltz2_affinity_pred_value,133,0.48377488154720494,3.6584234455564918e-09,0.624905312066377,9.06090960719311e-16,0.46502891409233477,2.1183741648716024e-15,Boltz-2,8.216203647191237e-09,3.151620732936734e-15,7.061247216238674e-15,0.22057255703564738,0.7439629071973878,9.999000099990002e-05,0.482952476875166,0.740314028174168,9.999000099990002e-05,0.3555898228002699,0.5671469158408641,9.999000099990002e-05,0.4043039065116411,0.29356986805915986,0.4842452814608978,0.3913527769060075,0.27970804202452115,0.2200229711989547,0.3410463023611425,0.2775512336638956
4f65,dynamicbind,dynamicbind_affinity_bestpose,133,0.36062384510713363,2.0075942058398856e-05,0.13603450344830345,0.11845660925381687,0.09679076932198878,0.0986526890238834,DynamicBind,3.4914681840693666e-05,0.141440727467244,0.11957901699864655,0.04059931169884287,0.5653204647524216,0.00019998000199980003,-0.04622039041641303,0.31094695567879393,0.12118788121187882,-0.03310925640503915,0.2253135756816226,0.0963903609639036,0.4308753216400525,0.36417265181595476,0.491570087380978,0.4259476572032223,0.33855363882533346,0.2904649603034865,0.3805528106438665,0.334098063746999
4f65,gnina,gnina_cnn_affinity_bestpose,126,0.04677427528391657,0.6029993953121789,0.18680425360935574,0.03622005796886062,0.12128918625007667,0.04423517929420488,GNINA 1.3,0.6106322990503078,0.04829341062514749,0.05898023905893985,-0.09517037956402,0.193826348743406,0.5921407859214078,0.016897967889031612,0.3502507137953681,0.038696130386961305,0.009753161810686408,0.2359277498869172,0.0461953804619538,0.46582160617872376,0.3863701253998107,0.5350386338617596,0.46048952981971014,0.34846816393936875,0.29427137776893814,0.4050975687132098,0.34739750000796166
4f65,plapt,plapt_affinity,133,0.10311509644637518,0.23756002481621316,0.06314575964401338,0.4702456528587232,0.0475403425291747,0.4172956953858187,PLAPT,0.2676732673985501,0.5083736787661873,0.4511304814981823,-0.11423451290110638,0.31364641219214995,0.23797620237976203,-0.12149976773128873,0.24191992887671987,0.47265273472652736,-0.07842858724785269,0.17767818875521427,0.43445655434456554,0.4594974811188449,0.38246269028737095,0.5265665272200672,0.4531396444616239,0.34451727529274456,0.29259965140603955,0.3949153081483005,0.3421213393196699
4f65,qvina,qvina_affinity_bestpose,126,-0.0100730266119988,0.910866696447665,-0.018819391137672715,0.8343230819004213,-0.004636247499871572,0.9394343101812681,QVina2,0.910866696447665,0.8448841335700468,0.9513258837278663,-0.19336594676376936,0.17246328826636376,0.914008599140086,-0.19141431924279567,0.16102446453025676,0.8368163183681632,-0.12980284024561475,0.1186652294918637,0.9392060793920608,0.46630835475671967,0.38463961165152977,0.5355088850685508,0.4602929913948144,0.3495598447544145,0.293627950826332,0.4045513217161978,0.3466620863000882
4tz4,boltz2,boltz2_affinity_pred_value,113,0.5104934906080162,7.633068202398829e-09,0.46265559370760695,2.479259431840256e-07,0.32465418802644397,3.5889559126960594e-07,Boltz-2,1.65039312484299e-08,5.360560933708661e-07,7.759904676099588e-07,0.3694457327176137,0.6250770226514681,9.999000099990002e-05,0.2918309218279401,0.6075843289878226,9.999000099990002e-05,0.20438510123999218,0.43817979818792285,9.999000099990002e-05,0.5133009707615974,0.4385066389716604,0.574990336756811,0.5073128728412889,0.40648343949404553,0.34586232055157934,0.46402238771191934,0.4032572068347944
4tz4,dynamicbind,dynamicbind_affinity_bestpose,113,0.4316281196646444,1.8131966503623732e-06,0.41474562445467533,4.94218923630144e-06,0.2936292144266473,4.160772755152875e-06,DynamicBind,3.3733891169532527e-06,9.413693783431315e-06,8.32154551030575e-06,0.2542005933432393,0.5772375900494543,9.999000099990002e-05,0.24683483986856758,0.5600308066990247,9.999000099990002e-05,0.18058357997676014,0.40210522325523024,9.999000099990002e-05,0.5384741044983444,0.46673972085644977,0.5978981236181075,0.5322191839697108,0.4423444652047616,0.3802391265423828,0.49556772824124923,0.4368647347617873
4tz4,gnina,gnina_cnn_affinity_bestpose,112,0.40648792077020507,8.7001814848094e-06,0.37234219806860436,5.2850597442722854e-05,0.25642702764414327,6.311028444569738e-05,GNINA 1.3,1.5818511790562546e-05,8.628668970240467e-05,0.00010303719909501613,0.2557988211525842,0.5410053110468394,9.999000099990002e-05,0.2015734538971687,0.5222275153506843,9.999000099990002e-05,0.1386286151779685,0.3692740775148119,9.999000099990002e-05,0.5476958356796899,0.4734881551381035,0.6093731578659088,0.5412125242604169,0.4528350646262692,0.3895440521710784,0.5098271677972439,0.4478638324338307
4tz4,plapt,plapt_affinity,113,0.3215410870916919,0.0005152094981429753,0.27968692206848134,0.002698287075479506,0.19263975954567641,0.0025278513249275456,PLAPT,0.0008586824969049588,0.0039247812006974634,0.0037449649258185862,0.14698664197178588,0.4791982932344452,0.0006999300069993001,0.08851093405562037,0.4570388584484514,0.0030996900309969004,0.055409041983312875,0.32554944820619663,0.0023997600239976003,0.565243441559891,0.47938899474882446,0.6387633601946648,0.5578979594516251,0.44652804100724103,0.3803453531181492,0.5076272343049965,0.44196509388104044
4tz4,qvina,qvina_affinity_bestpose,112,-0.07659910064712692,0.42212803486354994,-0.08367514425665537,0.3804107481701815,-0.06873179114491416,0.3780081142886408,QVina2,0.44652851492687873,0.4168884911454044,0.4142554677135789,-0.1545771638211058,-0.060805302857312546,0.40435956404359563,-0.16687632517802478,-0.06019893108783443,0.5050494950504949,-0.14150539645023258,-0.049663598214845714,0.49355064493550643,0.5976938777773076,0.5087586342447753,0.6771076816991022,0.5913761863909215,0.4735040752777975,0.40108377934957246,0.5369431300153003,0.46753884289527925
4zau,boltz2,boltz2_affinity_pred_value,219,0.5362273373256444,1.0558606489021633e-17,0.47863715869655676,6.115757590013387e-14,0.3287910902577807,5.704084014096388e-13,Boltz-2,3.519535496340545e-17,1.957042428804284e-13,1.6900989671396704e-12,0.4419530010643367,0.6223170736910723,9.999000099990002e-05,0.36111106826621253,0.5847359274014371,9.999000099990002e-05,0.24324001679647608,0.4075938231334611,9.999000099990002e-05,0.7326418030648136,0.6527855447726014,0.8021860069172806,0.7278871734166498,0.577248844160352,0.5116429074149161,0.6383077216694873,0.5740087735610971
4zau,dynamicbind,dynamicbind_affinity_bestpose,235,0.37272662718492017,3.6972916412360573e-09,0.30556955189520235,1.8060893898964047e-06,0.2066944516354073,2.7125762249224674e-06,DynamicBind,8.216203647191237e-09,3.704798748505445e-06,5.7106867893104575e-06,0.2530425663834606,0.4825681630025937,9.999000099990002e-05,0.17765380025353533,0.4248335533344088,9.999000099990002e-05,0.11841771281487044,0.2918209111247815,9.999000099990002e-05,0.7844361249974814,0.7039212410734406,0.8551133462322427,0.779674261035576,0.6279629869531203,0.5596456847954325,0.6906569619765754,0.6247659804208775
4zau,gnina,gnina_cnn_affinity_bestpose,233,0.33953976872375297,1.0743520081936583e-07,0.3148331726832677,9.334014313432823e-07,0.20380068883706143,4.146398287275307e-06,GNINA 1.3,2.2037989911664784e-07,1.965055644933226e-06,8.32154551030575e-06,0.21993939335864446,0.4538127073875413,9.999000099990002e-05,0.1897544479399765,0.43102266283497076,9.999000099990002e-05,0.11743310194306691,0.2846514651901533,9.999000099990002e-05,0.7912136654459354,0.700535542193606,0.8760107760273685,0.7860815142455964,0.6147866152954169,0.5418189634168261,0.685893943480131,0.6120849729330261
4zau,plapt,plapt_affinity,235,0.194005533746751,0.0028208197550222444,0.0870717913450837,0.18345382132387447,0.053338143448570595,0.22603083943296676,PLAPT,0.004257841139656218,0.21582802508691112,0.2511453771477409,0.05113950966711813,0.3245646143211681,0.0026997300269973002,-0.05071472088220834,0.22469311690369845,0.18808119188081193,-0.042458515990811206,0.14687331941900175,0.2253774622537746,0.829289812497619,0.7397915578165885,0.9096798272925449,0.8244055351189432,0.643413006183143,0.5663500826920979,0.7190210128771108,0.6412622367329587
4zau,qvina,qvina_affinity_bestpose,233,0.07826254972159984,0.23403565694816564,0.021641846927990656,0.742450258532457,0.010217344802965345,0.8207887777783356,QVina2,0.267469322226475,0.7713768919817736,0.8418346438752159,-0.06407235983314115,0.2151405550359312,0.23017698230176983,-0.11229515766416107,0.15636755754328374,0.7478252174782521,-0.08528948544802498,0.10423328384074931,0.8154184581541846,0.838607061416904,0.7409748368233667,0.9270717475603926,0.8333580269624321,0.6466312393349346,0.5631284797351614,0.7270869978523326,0.6437370443572277
5jkv,boltz2,boltz2_affinity_pred_value,486,0.5685751462155247,5.780864493278286e-43,0.5776839424695622,1.3212217908776147e-44,0.4064971256294514,1.151429457420071e-40,Boltz-2,4.624691594622629e-42,1.174419369668991e-43,1.0234928510400632e-39,0.5017398228294291,0.6329024157907829,9.999000099990002e-05,0.5096360942329361,0.6389391433557143,9.999000099990002e-05,0.3559457172707111,0.45492338973673757,9.999000099990002e-05,0.9140644005608176,0.8388445633483339,0.9873839793895595,0.911915394698609,0.6939365213585443,0.6403948894248235,0.7470381129359068,0.6928749489412664
5jkv,dynamicbind,dynamicbind_affinity_bestpose,488,0.13856641772331382,0.0021550026070730134,0.19671865715736772,1.201269970284322e-05,0.1332180815398944,1.1606105805776918e-05,DynamicBind,0.0033803962463890406,2.184127218698767e-05,2.159275498749194e-05,0.0530983066918095,0.2248324764509692,0.0029997000299970002,0.10864005044408058,0.28339922792797834,9.999000099990002e-05,0.07440763108990553,0.1923808867227968,9.999000099990002e-05,1.104894862924317,1.0274231579416455,1.1778992083715774,1.1022457696960977,0.8482366243084375,0.7794428164003373,0.916516253946817,0.846891888551142
5jkv,gnina,gnina_cnn_affinity_bestpose,487,0.14364910404724685,0.0014808395932424461,0.18418532794560866,4.328502219963796e-05,0.1220963278817134,5.9775034815660754e-05,GNINA 1.3,0.0023693433491879137,7.367663353129865e-05,9.962505802610127e-05,0.05543816804043654,0.22964935239352247,0.0022997700229977,0.09667076454798355,0.2711774815598991,9.999000099990002e-05,0.06359435729257693,0.18131922861663569,9.999000099990002e-05,1.1012528896144014,1.0245112558672227,1.1730141072373894,1.0987663397811889,0.8550041178619494,0.7885716128607047,0.9191149631562932,0.8540233157285162
5jkv,plapt,plapt_affinity,488,0.1187200059252062,0.008660445105597301,0.1461857225628629,0.001201682877136537,0.10260468628901302,0.000732218839633204,PLAPT,0.01174297641436922,0.0018487428879023645,0.0011485785719736533,0.022366659071853857,0.21541470076003458,0.006799320067993201,0.05479102900851273,0.23723937385400787,0.0014998500149985001,0.03875026112341411,0.16491467749126199,0.0008999100089991,1.107767266813455,1.0334959131013546,1.1779627034688054,1.104820477379012,0.8646499169403051,0.7998672036469473,0.9283198646662878,0.863318488254317
5jkv,qvina,qvina_affinity_bestpose,487,0.13000453028677667,0.004055882331969885,0.15558836817384825,0.0005695429887530105,0.10179460330577332,0.0009413286223528167,QVina2,0.0058138105225124664,0.0008934007666713891,0.0014481978805427947,0.04297144671718732,0.21514855124890273,0.0047995200479952005,0.07051735626672448,0.2388843207411077,0.00039996000399960006,0.04471620780788163,0.15836761399819033,0.000999900009999,1.10335018864277,1.0251624852667653,1.1750623228482264,1.1007504917821067,0.8522581018971014,0.7867463230912648,0.9164426457054834,0.8512129404106238
5mo4,boltz2,boltz2_affinity_pred_value,679,0.4191433596279647,2.880091663492931e-30,0.4352077452705411,9.442315274137458e-33,0.2895624821991895,3.1244330434946864e-29,Boltz-2,1.5360488871962296e-29,6.867138381190879e-32,2.082955362329791e-28,0.3610014526829893,0.47583876966966304,9.999000099990002e-05,0.37351865050674565,0.4929899894622041,9.999000099990002e-05,0.2452639089229182,0.33113174087790087,9.999000099990002e-05,1.22623088957567,1.1695807664034887,1.2799897917040142,1.2246275320393376,1.014781617757323,0.9604993696200054,1.0662086289446873,1.0130080966781625
5mo4,dynamicbind,dynamicbind_affinity_bestpose,682,0.5960052180784287,8.10119090124656e-67,0.6076320875181561,4.571460400287273e-70,0.42933747134881356,1.8640296787879001e-62,DynamicBind,9.258503887138925e-66,7.314336640459637e-69,2.4853729050505334e-61,0.5440010940540569,0.6464619278834272,9.999000099990002e-05,0.5543637599602381,0.6570764843899132,9.999000099990002e-05,0.38940209717206553,0.4685582465864161,9.999000099990002e-05,1.0847692309924832,1.0232175814484898,1.1410672964586095,1.0824820108472815,0.8590761838117134,0.8044337191819938,0.9124226203970565,0.8578163897322214
5mo4,gnina,gnina_cnn_affinity_bestpose,682,0.37337098611189146,5.507876893918769e-24,0.41525484234363114,8.253598333164274e-30,0.28035006550265246,1.3134663113378698e-27,GNINA 1.3,2.3576484152966616e-23,4.716341904665299e-29,6.56733155668935e-27,0.3057424161047296,0.437868879127391,9.999000099990002e-05,0.3511746660858786,0.47641024901307577,9.999000099990002e-05,0.2371616168752717,0.32313351887398883,9.999000099990002e-05,1.2532321011744665,1.1917448194244886,1.307969001285857,1.2507402180145095,1.0343273075077353,0.9784472567526569,1.0882098680881074,1.0327054017738857
5mo4,plapt,plapt_affinity,682,0.23539770093887352,4.851608047764232e-10,0.2556045434923288,1.2374338043035779e-11,0.174129727149543,1.3366002235948307e-11,PLAPT,1.1415548347680546e-09,3.2998234781428746e-11,3.68717303060643e-11,0.15295327879987744,0.3145508925528119,9.999000099990002e-05,0.18055537495922108,0.3284820032505356,9.999000099990002e-05,0.12013311436021479,0.22423962713903955,9.999000099990002e-05,1.3129661240754547,1.253911977242892,1.3674282944784653,1.3104315786243497,1.096370048088054,1.0350463430748262,1.1550482592389546,1.0947066104447172
5mo4,qvina,qvina_affinity_bestpose,682,0.4102481197204603,4.5440281485757694e-29,0.41829974152923316,2.8837738518549108e-30,0.2874693765965365,2.263444222355724e-28,QVina2,2.2720140742878846e-28,1.9225159012366073e-29,1.392888752218907e-27,0.347715432170634,0.470930411453417,9.999000099990002e-05,0.35242769001466323,0.4787928804371783,9.999000099990002e-05,0.24061464002658714,0.33195262868868325,9.999000099990002e-05,1.2320114911717477,1.1720955445831878,1.287570939327541,1.2299574579175914,1.0222431610744844,0.965536444619681,1.074967133921805,1.020351186087455
6gqj,boltz2,boltz2_affinity_pred_value,1089,0.3605885586097467,8.836039840527345e-35,0.3579439862891114,2.9134485897115917e-34,0.2677174607530774,5.24314587395114e-34,Boltz-2,5.4375629787860585e-34,2.3307588717692734e-33,4.194516699160912e-33,0.3054967019170775,0.413884530755305,9.999000099990002e-05,0.301890937180057,0.41338072729568176,9.999000099990002e-05,0.22491155861239,0.31078426614414373,9.999000099990002e-05,0.8219106738974554,0.7764673569407902,0.8639355430416126,0.8204583936190073,0.6217024379832649,0.5842097792618107,0.6586565298936399,0.6210131949626883
6gqj,dynamicbind,dynamicbind_affinity_bestpose,1089,0.0545728232705117,0.07183277162034751,0.17925764851492318,2.5687323092924117e-09,0.12767370104302936,6.718797514898607e-09,DynamicBind,0.08979096452543439,6.044076021864498e-09,1.5357251462625388e-08,-0.0015607741612388814,0.1106731677124516,0.0694930506949305,0.12149498253893379,0.23755059078811716,9.999000099990002e-05,0.08714083490907104,0.1700011752081256,9.999000099990002e-05,0.8798797856829056,0.8278339589690152,0.929225844193865,0.8784030426716488,0.6440311511813082,0.6102271732401885,0.6777843491719722,0.6436375204184688
6gqj,gnina,gnina_cnn_affinity_bestpose,1085,0.26280583096041343,1.3458750366604168e-18,0.3350068999348631,7.263782940020666e-30,0.24818596150582495,2.5973432060639655e-29,GNINA 1.3,4.68130447534058e-18,4.470020270781948e-29,1.8889768771374294e-28,0.20679139312973677,0.3200891442553818,9.999000099990002e-05,0.2807030746312973,0.3887742204114064,9.999000099990002e-05,0.20738594355952975,0.2883912236890729,9.999000099990002e-05,0.8474557477112852,0.7958953121604908,0.8982870006811184,0.84608133775425,0.6309893698506982,0.5951176598205236,0.6669036043659037,0.630407181318195
6gqj,plapt,plapt_affinity,1089,0.08698668495448333,0.004069667365758726,0.13881141870822714,4.269924150607165e-06,0.09949451044822862,6.238004608717773e-06,PLAPT,0.0058138105225124664,8.331559318257883e-06,1.2171716309693216e-05,0.0319656051113249,0.14067091301658474,0.004299570042995701,0.08050398219768443,0.19668398241697846,9.999000099990002e-05,0.057413302834680276,0.14141970818607158,9.999000099990002e-05,0.8778527609450762,0.8259778170584607,0.9266163030719871,0.8764223478593957,0.6415921056861239,0.608973246193598,0.6758512621347662,0.6418238831966386
6gqj,qvina,qvina_affinity_bestpose,1085,0.036679174493986846,0.2273546320159779,0.008628629049930834,0.7764877847534558,0.009365930685763104,0.674832704380077,QVina2,0.2635995733518584,0.7963977279522624,0.7011248876676125,-0.024042823054093193,0.0953273395506462,0.23307669233076692,-0.05287568479928538,0.07098399633730137,0.7814218578142186,-0.03472940966819052,0.054496405499230356,0.6755324467553244,0.8777391227692274,0.8274751895950699,0.9261783873224981,0.8764458742322763,0.648719934456095,0.6158892878924708,0.6807718819962969,0.6480092380052921
6jok,boltz2,boltz2_affinity_pred_value,249,0.8518773732046081,2.488693980373899e-71,0.7973858528844271,4.211231474408782e-56,0.6001876814138286,7.855130890832703e-45,Boltz-2,3.981910368598238e-70,4.211231474408782e-55,7.855130890832704e-44,0.8071942611852955,0.8895023810309358,9.999000099990002e-05,0.73651876106192,0.8443465500592781,9.999000099990002e-05,0.5426197479469346,0.6546494110705495,9.999000099990002e-05,0.6623059640045822,0.5751043604714788,0.7424076353386279,0.657351799487459,0.4667162023903809,0.40812673920760284,0.5270036626377377,0.4657392713526644
6jok,dynamicbind,dynamicbind_affinity_bestpose,250,0.5602952864536721,4.58948221312895e-22,0.3242433954366493,1.5765359693221554e-07,0.2204424437217603,2.3348335705537634e-07,DynamicBind,1.83579288525158e-21,3.5034132651603454e-07,5.18851904567503e-07,0.4479875745211144,0.6490877457664798,9.999000099990002e-05,0.1851585783518936,0.4525604284110921,9.999000099990002e-05,0.1212329434371379,0.3156668350990077,9.999000099990002e-05,1.046790973332982,0.973417196549169,1.1078583336528487,1.0412555550954745,0.9287631340308954,0.845018802309931,0.9945952812202797,0.9223060726278889
6jok,gnina,gnina_cnn_affinity_bestpose,242,0.6243805884873553,1.4637464068733977e-27,0.565526786092749,7.41332435185231e-22,0.402367189398292,1.6972858356971805e-20,GNINA 1.3,6.888218385286578e-27,3.1213997270957093e-21,7.146466676619708e-20,0.5366636055570355,0.7040185903775659,9.999000099990002e-05,0.46376087104166724,0.6562763048166144,9.999000099990002e-05,0.3261864703155185,0.47463560203088206,9.999000099990002e-05,0.9814767110578894,0.8739921278857161,1.0770131349322425,0.9759778263025559,0.7250686491862289,0.6355916186640082,0.8125333888719402,0.7223281577131134
6jok,plapt,plapt_affinity,250,0.30042909260872624,1.3073338439844012e-06,0.2622627416214091,2.672669970533845e-05,0.17662499076886942,3.431695136060248e-05,PLAPT,2.490159702827431e-06,4.751413280949058e-05,5.9681654540178236e-05,0.16668149034256852,0.4227146462558172,9.999000099990002e-05,0.13291102413993386,0.3868585551253511,0.00019998000199980003,0.08357618939961396,0.2669721130558213,9.999000099990002e-05,1.2054111899238262,1.1053038300640654,1.2922655579123983,1.1983365912163308,1.0283733168697882,0.9280355338164775,1.1132721131196401,1.0209001643963627
6jok,qvina,qvina_affinity_bestpose,242,0.4070369745548853,4.498939652690064e-11,0.2824483355641978,8.108137593508318e-06,0.18685058194627868,2.3591099928959325e-05,QVina2,1.090652037015773e-10,1.5084907150713151e-05,4.2892908961744226e-05,0.27611029605058957,0.5247640825138085,9.999000099990002e-05,0.15278408493036752,0.4045632334744176,9.999000099990002e-05,0.09188722608620097,0.28084492742318273,0.00019998000199980003,1.147700712541229,1.0494203428821836,1.2338245091784035,1.1411185021223715,0.9529263963809247,0.8548611166272804,1.0385809969873225,0.9461859746959661
7awe,boltz2,boltz2_affinity_pred_value,83,0.6811638028338417,1.377044199947198e-12,0.6712635718582914,3.792758150221149e-12,0.49580957378043944,3.33849588677918e-11,Boltz-2,3.5536624514766396e-12,1.0462781104058342e-11,8.902655698077813e-11,0.5661261996286341,0.7760134022353855,9.999000099990002e-05,0.5115242874716766,0.786763320951485,9.999000099990002e-05,0.3688005672967257,0.6089982233910952,9.999000099990002e-05,0.9496470903110372,0.7979566476516776,1.0717940715899612,0.9347914966654125,0.7604413431939937,0.6239203837920279,0.8779677845494861,0.7481255544808181
7awe,dynamicbind,dynamicbind_affinity_bestpose,83,0.29281167772594147,0.007224042946482186,0.340905632375444,0.0016119355961400747,0.21643881749845992,0.003796558723731447,DynamicBind,0.009964197167561636,0.002433110333796339,0.005423655319616353,0.14221011641467587,0.4462990285395462,0.008099190080991902,0.1652237516303427,0.49269285758053544,0.0025997400259974,0.1013668066005648,0.32677551073599687,0.0032996700329967,1.2402481554204454,1.0051824963104043,1.4211792756890793,1.222608110740299,0.9375296965753914,0.7307217790027591,1.1374644563399283,0.9281929677588084
7awe,gnina,gnina_cnn_affinity_bestpose,59,0.37388645191837594,0.003533851456549561,0.3712720099760735,0.0037912226894554492,0.2352941277231281,0.008559739610577054,GNINA 1.3,0.005235335491184535,0.005416032413507785,0.012013669628880078,0.19319448860479443,0.5352933387255,0.004299570042995701,0.136945532228637,0.5594037425995315,0.004299570042995701,0.07632508207138596,0.37790310718785597,0.007699230076992301,1.3211354505862642,1.0603176696124794,1.514083609393917,1.298145164310848,1.0484372251428762,0.8136221545667314,1.260328643561278,1.032703903429826
7awe,plapt,plapt_affinity,83,0.43302280371604934,4.336863440693824e-05,0.4292438722530412,5.1402134728791485e-05,0.2958389271786015,7.606798279545259e-05,PLAPT,7.381895218202254e-05,8.567022454798581e-05,0.00012170877247272414,0.2778076299071214,0.5683659451094306,9.999000099990002e-05,0.22796221883538248,0.5876088476193485,9.999000099990002e-05,0.16547021395674133,0.4201470783901599,0.00039996000399960006,1.169183729448726,0.9634423459634385,1.322752234643566,1.1522281370219147,0.9062883916628278,0.7134752633877953,1.0792947553998113,0.8958302085913656
7awe,qvina,qvina_affinity_bestpose,42,-0.2835330526056155,0.06882087373602082,-0.2895154601332162,0.06292785064354614,-0.18942487414734221,0.08056473164358859,QVina2,0.08739158569653437,0.0799083817695824,0.09915659279210902,-0.4556650156023922,-0.10750825226201577,0.06819318068193181,-0.5311025393895655,-0.00960301560110837,0.06459354064593541,-0.3502949025266036,-0.00963853375501233,0.08289171082891711,1.3333162098720066,0.9665411892935166,1.5855329167830698,1.2995770930481267,1.037351053883776,0.726266694402613,1.3183895061791964,1.0180959051940615
7kk3,boltz2,boltz2_affinity_pred_value,1047,0.737409919941985,2.793133633954634e-180,0.7248448398310735,2.5874980423316106e-171,0.5385099360902865,4.5260200021086715e-149,Boltz-2,7.448356357212357e-179,6.899994779550962e-170,1.206938667228979e-147,0.7086711339411376,0.7637223095951404,9.999000099990002e-05,0.6900656047291889,0.7560199303427088,9.999000099990002e-05,0.5095019552378396,0.5671966483517302,9.999000099990002e-05,0.6334568415653948,0.607864435219101,0.6580453037260875,0.6328786480223857,0.5076016207150952,0.48343064889311144,0.5315773076627273,0.5072615111101783
7kk3,dynamicbind,dynamicbind_affinity_bestpose,1049,-0.03473982848103144,0.26094483467028406,-0.06209637192230088,0.04435326264121311,-0.04042290086430969,0.05072615361995889,DynamicBind,0.2899387051892045,0.058168213299951615,0.06545310144510824,-0.09461172855902034,0.026056845056644247,0.2555744425557444,-0.1212965141869045,-0.0018165618186527196,0.0448955104489551,-0.08091608682429112,-0.00035611623512108104,0.0524947505249475,0.9378387046893877,0.9047439472272969,0.9693775241356202,0.9369432746465811,0.7947495505035386,0.7632786787317843,0.8240120274326567,0.7934838207271195
7kk3,gnina,gnina_cnn_affinity_bestpose,588,0.2845857683000451,2.034887821040466e-12,0.2871556000012135,1.2623588143763982e-12,0.1937407894566481,2.554800219786124e-12,GNINA 1.3,5.087219552601165e-12,3.606739469646852e-12,7.299429199388925e-12,0.21514421904915904,0.3529779163711478,9.999000099990002e-05,0.2126792034800992,0.3583720317843498,9.999000099990002e-05,0.14243320484086774,0.24370309976833687,9.999000099990002e-05,0.8593737684702681,0.816640330935543,0.8997914120429716,0.8575659270155856,0.7109122987334818,0.6687090736763497,0.7505322123295073,0.7093080437449236
7kk3,plapt,plapt_affinity,1049,0.4510344863546688,1.0621386336778888e-53,0.46119121905464516,2.273277278890621e-56,0.31174434719676036,2.638936928156676e-51,PLAPT,1.0621386336778887e-52,2.5980311758749954e-55,3.015927917893344e-50,0.4047564158763772,0.4966029046785596,9.999000099990002e-05,0.41420855368139137,0.5074720861188639,9.999000099990002e-05,0.27838167403197056,0.3451320657655465,9.999000099990002e-05,0.8375327038072554,0.801810904716191,0.8721685768632745,0.8368167633972081,0.6815602428238297,0.6510419477619503,0.7115959591810993,0.6808802908372166
7kk3,qvina,qvina_affinity_bestpose,928,0.2428011065671541,6.430786835354137e-14,0.26365992272812505,3.188050494028444e-16,0.177242682353482,1.9096785679641395e-15,QVina2,1.7148764894277699e-13,1.1592910887376158e-15,6.642360236397007e-15,0.1843607556251135,0.3007025566824717,9.999000099990002e-05,0.20232376279427366,0.3228089453092169,9.999000099990002e-05,0.13511696520020147,0.21867270494191915,9.999000099990002e-05,0.926802842281715,0.8918467617303129,0.9590636775343543,0.9256163291138307,0.7911832692780023,0.7579772595696269,0.822328538874473,0.7903442686484312
