canonical_smiles,molecule_chembl_id,assay_chembl_id,standard_value,value,pchembl_value,assay_type,document_chembl_id,type,units,uo_units,exp_value,exp_standard_value,exp_pchembl_value,qvina_affinity_min,qvina_rmsd_lb_min,qvina_rmsd_ub_min,qvina_affinity_bestpose,qvina_rmsd_lb_bestpose,qvina_rmsd_ub_bestpose,qvina_max_affinity,qvina_lb_affinity,qvina_ub_affinity,gnina_affinity_min,gnina_intramol_min,gnina_cnn_pose_score_min,gnina_cnn_affinity_min,gnina_affinity_bestpose,gnina_intramol_bestpose,gnina_cnn_pose_score_bestpose,gnina_cnn_affinity_bestpose,plapt_affinity,plapt_affinity_uM,dynamicbind_affinity_maxaff,dynamicbind_lddt_maxaff,dynamicbind_lddt_bestpose,dynamicbind_affinity_bestpose,boltz2_affinity_pred_value,boltz2_affinity_probability_binary,boltz2_affinity_pred_value1,boltz2_affinity_probability_binary1,boltz2_affinity_pred_value2,boltz2_affinity_probability_binary2,protein_pdb_id,pValue,activity_class,clogp,hba,mv,qed,rotbonds,tpsa
C(=C(c1ccc(OCCN2CCCCCC2)cc1)c1ccc(OCCN2CCCCCC2)cc1)c1ccccc1,CHEMBL3099624,CHEMBL3100300,870.0,0.87,6.06,B,CHEMBL3098012,Ki,uM,UO_0000065,0.87,870.0,6.06,,,,,,,,,,,,,,,,,,5.98009043002078,1.0469105346924847,6.969317048410707,,,6.969317048410707,-1.3221783638000488,0.5547488927841187,-1.006993055343628,0.7228972315788269,0.4233876168727875,0.3866005837917328,7AWE,6.060480747381382,medium,7.78510000000001,4,167.10499999999954,0.23274983995514353,11,24.940000000000005
C/C=C\NC(=O)[C@H]1NC(=O)[C@H](CC(N)=O)CC(=O)[C@@H](NC(=O)C(=O)[C@@H](C)CC)Cc2ccc(O)c(c2)-c2cccc3c2NC(=O)[C@@]3(O)[C@@H]1O,CHEMBL2337848,CHEMBL2345515,2.3,2.3,8.64,B,CHEMBL2331312,Ki,nM,UO_0000065,2.3,2.3,8.64,,,,,,,,,,,,,,,,,,7.323762527589992,0.0474501371892215,5.879468340130597,,,5.879468340130597,-2.228628635406494,0.3533371686935425,-0.5405636429786682,0.3522895872592926,-1.1721879243850708,0.3543847203254699,7AWE,8.638272163982407,high,-0.19869999999999588,10,173.9855999999997,0.17082093719577204,8,254.31999999999994
C=CCN1CCN(c2ccn(CC(=O)N[C@@H](CC(C)C)B(O)O)c(=O)c2)CC1,CHEMBL2385816,CHEMBL2388793,5900.0,5.9,5.23,B,CHEMBL2384970,Ki,uM,UO_0000065,5.9,5900.0,5.23,,,,,,,,,,-5.49,0.18,0.2785,4.29,-4.58,-0.87,0.4635,4.425,5.433777819143115,3.6831735304770814,6.937136166325816,,,6.937136166325816,-1.281916618347168,0.3593560755252838,-0.3547732830047607,0.4422879219055176,-0.8182975649833679,0.27642422914505,7AWE,5.229147988357855,low,-0.3007999999999982,7,111.12930000000006,0.39576512483390786,9,98.03999999999999
CC(C)CC(NC(=O)C(CO)NC(=O)OCc1ccccc1)C(=O)NC(Cc1ccc(O)cc1)C(N)=O,CHEMBL3977256,CHEMBL3860288,2180.0,2.18,5.66,B,CHEMBL3860032,Ki,uM,UO_0000065,2.18,2180.0,5.66,-6.3,0.0,0.0,-6.3,0.0,0.0,-5.2,-5.3,-5.3,-6.99,-1.77,0.4897,4.851,-5.76,-0.71,0.5766,4.83,5.573343616917422,2.670892343211343,5.744084159143708,,,5.744084159143708,-0.5128219127655029,0.2344183325767517,0.8607689142227173,0.1715825051069259,0.0638513565063476,0.2972541749477386,7AWE,5.661543506395395,low,0.7230000000000014,7,134.95810000000003,0.22776030393570426,13,180.08
CC(C)CCNC(=O)Cn1cc(Br)c2ncccc2c1=O,CHEMBL3233441,CHEMBL3239238,560.0,0.56,6.25,B,CHEMBL3232790,Ki,uM,UO_0000065,0.56,560.0,6.25,-4.9,0.0,0.0,-4.9,0.0,0.0,-4.4,-4.7,-4.7,-4.63,-0.43,0.5402,4.544,-4.19,-0.29,0.6566,3.829,5.4875650160585305,3.2541306388628715,4.989645654301464,,,4.989645654301464,0.5535826683044434,0.2326056361198425,0.5546433925628662,0.2487623542547226,1.667796969413757,0.2164489328861236,7AWE,6.251811972993799,medium,2.3213,4,86.16770000000004,0.8983571301383426,5,63.99
CC(C)CCNC(=O)Cn1ccc(N2CCOCC2)cc1=O,CHEMBL3233447,CHEMBL3239238,7670.0,7.67,5.12,B,CHEMBL3232790,Ki,uM,UO_0000065,7.67,7670.0,5.12,-5.0,0.0,0.0,-5.0,0.0,0.0,-4.1,-4.9,-5.0,-4.5,-0.68,0.3962,4.034,-3.27,-0.49,0.4657,4.264,4.724172565022666,18.872413129704903,4.969164525904601,,,4.969164525904601,0.8152756690979004,0.130241647362709,0.8153753280639648,0.1400360465049743,1.5854310989379885,0.1204472556710243,7AWE,5.115204636051019,low,0.8472000000000004,5,86.19870000000004,0.846043915811107,6,63.57
CC(C)CCNC(=O)Cn1ccc(Nc2ccccc2)cc1=O,CHEMBL3233445,CHEMBL3239238,330.0,0.33,6.48,B,CHEMBL3232790,Ki,uM,UO_0000065,0.33,330.0,6.48,-4.9,0.0,0.0,-4.9,0.0,0.0,-4.6,-4.6,-4.8,-5.24,0.79,0.3483,3.568,-5.02,-0.73,0.52,4.362,4.907666386871601,12.3689721917103,4.975557606145716,,,4.975557606145716,0.979599952697754,0.233988344669342,1.2209153175354004,0.2866099178791046,1.5505425930023191,0.1813667714595794,7AWE,6.481486060122112,medium,2.754200000000001,4,92.89140000000006,0.8259664115932758,7,63.13
CC(C)CCNC(=O)Cn1ccc2c(c1=O)CCCN2,CHEMBL3233443,CHEMBL3239238,10100.0,10.1,5.0,B,CHEMBL3232790,Ki,uM,UO_0000065,10.1,10100.0,5.0,-5.1,0.0,0.0,-5.1,0.0,0.0,-4.4,-4.7,-5.0,-4.84,1.08,0.3486,4.069,-4.42,-0.24,0.5568,3.745,4.96796819864582,10.765440410300014,4.775227113897988,,,4.775227113897988,1.5823787450790403,0.1460476517677307,1.7229145765304563,0.1676211506128311,1.965381145477295,0.1244741529226303,7AWE,4.995678626217358,low,1.3686999999999998,4,79.97740000000003,0.8541601981673249,5,63.13
CC(C)CCNC(=O)Cn1ccc2ccc(Br)cc2c1=O,CHEMBL3287947,CHEMBL5144654,4390.0,4.39,5.36,B,CHEMBL5143533,Ki,uM,UO_0000065,4.39,4390.0,5.36,-5.2,0.0,0.0,-5.2,0.0,0.0,-4.5,-4.9,-4.9,-5.26,-0.41,0.4036,4.307,-4.51,-0.34,0.593,4.002,5.325195506928868,4.729383077610768,4.81470809854927,,,4.81470809854927,0.4690628051757812,0.2223680317401886,1.1916511058807373,0.2431692630052566,0.8556066155433655,0.2015668153762817,7AWE,5.357535479757878,low,2.9263000000000012,3,88.37270000000005,0.9006145573240564,5,51.1
CC(C)C[C@@H](C=O)NC(=O)[C@H](CC(C)C)NC(=O)[C@H](CC(C)C)NC(=O)OCc1ccccc1,CHEMBL64925,CHEMBL3860288,25.03333333333333,0.0250333333333333,8.146666666666667,B,CHEMBL3860032,Ki,uM,UO_0000065,0.0250333333333333,25.03333333333333,8.146666666666667,-5.199999999999999,0.0,0.0,-5.199999999999999,0.0,0.0,-4.300000000000001,-4.766666666666667,-4.5,-5.66,-1.77,0.3846,4.696,-5.64,-0.32,0.5775,5.001,5.796062309054651,1.5993285534465187,5.392227585130283,,,5.392227585130283,-3.18567419052124,0.9692946076393129,-2.526386260986328,0.9905974268913268,-1.9175206422805784,0.9479917883872986,7AWE,7.6014813177154945,high,3.5882000000000014,5,131.84109999999998,0.35596462764532816,14,113.60000000000001
CC(C)C[C@H](NC(=O)CN1C=CC(N2CCCCC2)CC1=O)B(O)O,CHEMBL3233450,CHEMBL3239238,300.0,0.3,6.52,B,CHEMBL3232790,Ki,uM,UO_0000065,0.3,300.0,6.52,,,,,,,,,,-5.75,0.58,0.2765,4.745,-4.61,0.37,0.6548,4.848,6.308071702080834,0.4919583065896629,6.635677047260788,,,6.635677047260788,-0.7258472442626953,0.2484171092510223,-0.3212373852729797,0.2682094275951385,-0.0007350333034992,0.2286247760057449,7AWE,6.522878745280337,medium,0.12980000000000136,5,96.25930000000004,0.567235861525394,7,93.11000000000001
CC(C)C[C@H](NC(=O)CN1C=CC(N2CCOCC2)CC1=O)B(O)O,CHEMBL3233448,CHEMBL3239238,1450.0,1.45,5.84,B,CHEMBL3232790,Ki,uM,UO_0000065,1.45,1450.0,5.84,,,,,,,,,,-4.78,-0.29,0.2992,4.398,-4.01,-0.33,0.5001,4.005,6.168324609291671,0.6786961579806973,6.74504488808312,,,6.74504488808312,-0.1065325736999511,0.1798580884933471,0.3120766878128052,0.1472271233797073,0.5866360664367676,0.2124890685081482,7AWE,5.838631997765026,low,-1.0238999999999978,6,93.22730000000003,0.5064487574467628,7,102.34
CC(C)C[C@H](NC(=O)CNC(=O)c1cc(Cl)ccc1Cl)B1OC(=O)C(CC(=O)O)(CC(=O)O)O1,CHEMBL3545432,CHEMBL5620825,0.93,0.93,9.03,B,CHEMBL5620349,Ki,nM,UO_0000065,0.93,0.93,9.03,,,,,,,,,,-6.28,-1.6,0.1247,4.542,-5.83,-1.14,0.3121,4.978,6.208824640589234,0.6182659931658643,5.843192743308614,,,5.843192743308614,-2.978982925415039,0.917070746421814,-1.5864474773406982,0.8910756707191467,-2.18639874458313,0.9430658221244812,7AWE,9.031517051446064,high,1.5430999999999993,7,120.34850000000007,0.31847047894792313,11,168.32999999999998
CC(C)C[C@H](NC(=O)Cn1cc(Br)c2ncccc2c1=O)B(O)O,CHEMBL2385819,CHEMBL2388793,170.0,0.17,6.77,B,CHEMBL2384970,Ki,uM,UO_0000065,0.17,170.0,6.77,,,,,,,,,,-6.7,-0.1,0.3408,4.982,-4.64,-0.64,0.6839,5.725,7.184692126819833,0.0653593723788833,6.6616308480166655,,,6.6616308480166655,-1.4775781631469729,0.4798623323440552,-1.040435552597046,0.5833118557929993,-0.4115334749221802,0.3764127790927887,7AWE,6.769551078621726,medium,0.7018999999999997,6,95.28030000000005,0.624289064912781,6,104.45
CC(C)C[C@H](NC(=O)Cn1ccc(N2CCCCC2)cc1=O)B(O)O,CHEMBL2385813,CHEMBL2388793,300.0,0.3,6.52,B,CHEMBL2384970,Ki,uM,UO_0000065,0.3,300.0,6.52,,,,,,,,,,-5.28,0.62,0.4875,5.289,-4.61,-0.52,0.5185,5.208,7.415010225752811,0.038458272668232,6.985228437051606,,,6.985228437051606,-0.7182703018188477,0.377295970916748,0.0061682313680648,0.3893629312515259,-0.3135029673576355,0.3652290105819702,7AWE,6.522878745280337,medium,0.38150000000000045,6,98.34330000000006,0.6190129271050266,7,94.80000000000001
CC(C)C[C@H](NC(=O)Cn1ccc(N2CCOCC2)cc1=O)B(O)O,CHEMBL2385812,CHEMBL2388793,1450.0,1.45,5.84,B,CHEMBL2384970,Ki,uM,UO_0000065,1.45,1450.0,5.84,,,,,,,,,,-4.86,-0.36,0.3047,4.216,-4.08,-0.98,0.406,4.195,7.613748091879702,0.0243361519363379,6.663266297278149,,,6.663266297278149,-0.9150938987731934,0.3920183777809143,-0.2054328322410583,0.4708684384822845,-0.4579004943370819,0.313168317079544,7AWE,5.838631997765026,low,-0.7721999999999982,7,95.31130000000006,0.5575166820406645,7,104.03
CC(C)C[C@H](NC(=O)Cn1ccc(Nc2ccccc2)cc1=O)B(O)O,CHEMBL2385814,CHEMBL2388793,98.0,0.098,7.01,B,CHEMBL2384970,Ki,uM,UO_0000065,0.098,98.0,7.01,,,,,,,,,,-5.68,-0.77,0.5801,5.512,-4.79,-0.47,0.6433,4.993,6.319045308779629,0.4796834019420757,6.818021112508236,,,6.818021112508236,-1.832552433013916,0.6259560585021973,-1.4954711198806765,0.744523823261261,-0.892137885093689,0.5073882937431335,7AWE,7.008773924307505,high,1.1347999999999996,6,102.00400000000006,0.5306549599295678,8,103.59
CC(C)C[C@H](NC(=O)Cn1ccc2c(c1=O)CCCN2C)B(O)O,CHEMBL2385820,CHEMBL2388793,1620.0,1.62,5.79,B,CHEMBL2384970,Ki,uM,UO_0000065,1.62,1620.0,5.79,,,,,,,,,,-5.06,-0.38,0.4011,5.026,-4.72,-0.77,0.6203,5.225,6.493195247917916,0.3212216082099733,6.4679633121496565,,,6.4679633121496565,-0.7554326057434082,0.3558059334754944,-0.3931939899921417,0.3742754161357879,-0.0602377392351627,0.3373364806175232,7AWE,5.790484985457369,low,-0.2263999999999985,6,93.87030000000006,0.6247175129347449,6,94.80000000000001
CC(C)C[C@H](NC(=O)Cn1ccc2ncccc2c1=O)B(O)O,CHEMBL2385817,CHEMBL2388793,440.0,0.44,6.36,B,CHEMBL2384970,Ki,uM,UO_0000065,0.44,440.0,6.36,,,,,,,,,,-5.0,1.39,0.278,5.048,-4.22,0.8,0.7226,5.726,6.69331520933132,0.202621156883318,6.295942547132029,,,6.295942547132029,-0.8201110363006592,0.4430207014083862,-0.6733214855194092,0.5602040886878967,0.018591409549117,0.3258372843265533,7AWE,6.356547323513812,medium,-0.06060000000000004,6,87.58030000000004,0.6475493724583855,6,104.45
CC(C)C[C@H](NC(=O)Cn1ccccc1=O)B(O)O,CHEMBL2385810,CHEMBL2388793,260.0,0.26,6.58,B,CHEMBL2384970,Ki,uM,UO_0000065,0.26,260.0,6.58,,,,,,,,,,-5.33,-0.47,0.4398,4.159,-5.24,-0.61,0.7052,4.247,5.570325725004303,2.689516883972748,5.700854967115759,,,5.700854967115759,0.0512871742248535,0.4559594988822937,0.2161934077739715,0.5696777105331421,0.4689971804618835,0.3422412574291229,7AWE,6.585026652029182,medium,-0.6087999999999999,5,72.27930000000002,0.5989404619698739,6,91.56
CC(C)C[C@H](NC(=O)[C@H](C)NC(=O)[C@H](CC(=O)NCC(C)(C)C)NS(=O)(=O)N(C)C)C(=O)c1nnc(C(C)C)o1,CHEMBL383122,CHEMBL861973,38.0,0.038,7.42,B,CHEMBL1147675,Ki app,uM,UO_0000065,0.038,38.0,7.42,-4.1,0.0,0.0,-4.1,0.0,0.0,-3.7,-3.7,-3.7,-5.9,-1.67,0.1723,5.453,-5.55,-2.76,0.2496,5.389,5.458601648359085,3.4785508124845936,6.108352443846013,,,6.108352443846013,-2.3085622787475586,0.6630991101264954,-1.3317850828170776,0.647513747215271,-0.9255860447883606,0.6786844730377197,7AWE,7.42021640338319,high,0.7283000000000042,9,148.32009999999983,0.21408010289726417,15,192.7
CC(C)C[C@H](NC(=O)[C@H](C)NC(=O)[C@H](CC(=O)NCC(C)(C)C)NS(C)(=O)=O)C(=O)c1nnc(-c2ccccc2)o1,CHEMBL207160,CHEMBL861973,5.7,0.0057,8.24,B,CHEMBL1147675,Ki app,uM,UO_0000065,0.0057,5.7,8.24,-5.7,0.0,0.0,-5.7,0.0,0.0,-4.9,-5.3,-5.3,-6.19,-1.97,0.2308,5.12,-5.29,-0.44,0.4271,6.357,6.6363719621611255,0.2310085413341107,6.304924436602436,,,6.304924436602436,-2.653475761413574,0.6503835320472717,-1.3729532957077026,0.5894850492477417,-1.5087379217147827,0.7112820148468018,7AWE,8.244125144327509,high,1.4251000000000034,9,151.90409999999977,0.23513692842387449,14,189.45999999999998
CC(C)C[C@H](NC(=O)[C@H](C)n1ccc2ncccc2c1=O)B(O)O,CHEMBL2385818,CHEMBL2388793,1340.0,1.34,5.87,B,CHEMBL2384970,Ki,uM,UO_0000065,1.34,1340.0,5.87,,,,,,,,,,-5.32,-0.04,0.3313,4.808,-4.15,-1.08,0.8081,4.68,6.781954953577268,0.1652133153915111,6.658003854265903,,,6.658003854265903,-0.4971046447753906,0.3685229420661926,-0.0249147750437259,0.3654586672782898,0.0768549367785453,0.3715872168540954,7AWE,5.872895201635192,low,0.5003999999999997,6,92.29130000000005,0.668847910737357,6,104.45
CC(C)C[C@H](NC(=O)[C@H](CC(C)C)NC(=O)[C@H](CC(C)C)NC(=O)OCc1ccccc1)B(O)O,CHEMBL114388,CHEMBL861973,2.3,0.0023,8.64,B,CHEMBL1147675,Ki app,uM,UO_0000065,0.0023,2.3,8.64,,,,,,,,,,-5.99,-0.7,0.2392,5.004,-4.62,0.05,0.6276,5.091,6.58270191365431,0.2613954876874495,5.848007496022838,,,5.848007496022838,-2.830763816833496,0.9500941634178162,-2.0618929862976074,0.9857958555221558,-1.6242871284484863,0.9143924713134766,7AWE,8.638272163982407,high,2.4013,6,135.9687,0.2536465084787043,14,136.99
CC(C)C[C@H](NC(=O)[C@H](CO)NC(=O)OCc1ccccc1)C(=O)N[C@@H](Cc1ccc(O)cc1)C(=O)NN,CHEMBL3961750,CHEMBL3860288,10980.0,10.98,4.96,B,CHEMBL3860032,Ki,uM,UO_0000065,10.98,10980.0,4.96,-6.7,0.0,0.0,-6.7,0.0,0.0,-5.9,-6.6,-5.9,-7.18,-2.1,0.4764,5.396,-7.01,-0.8,0.7363,6.206,7.296823000441406,0.0504867017496806,5.440828033975993,,,5.440828033975993,-0.678786039352417,0.407729297876358,0.7466713786125183,0.540314257144928,-0.0650388896465301,0.2751443386077881,7AWE,4.959397659885927,low,0.2276000000000022,8,138.09380000000002,0.10884521697402942,13,192.11
CC(C)C[C@H](NC(=O)[C@H](Cc1ccccc1)NC(=O)Cc1ccc(O)cc1)B(O)O,CHEMBL4749207,CHEMBL4682121,0.13,0.13,9.89,B,CHEMBL4680111,Ki,nM,UO_0000065,0.13,0.13,9.89,,,,,,,,,,-7.23,-1.5,0.8875,5.518,-7.23,-1.5,0.8875,5.518,7.718262992733942,0.0191309707309005,6.268392874213928,,,6.268392874213928,-2.7295541763305664,0.962157666683197,-2.0485286712646484,0.997320592403412,-1.7832186222076416,0.9269947409629822,7AWE,9.886056647693165,high,1.2050999999999994,5,115.46480000000005,0.3760808724372671,10,118.89000000000001
CC(C)C[C@H](NC(=O)[C@H](Cc1ccccc1)NC(=O)c1cnccn1)B(O)O,CHEMBL325041,CHEMBL2388793,3.65,0.1868,8.83,B,CHEMBL2384970,Ki,uM,UO_0000065,0.1868,3.65,8.83,,,,,,,,,,-6.18,-1.57,0.3348,5.166,-4.04,-0.97,0.6718,5.021,7.655176329455845,0.0221219634549384,5.88320726066083,,,5.88320726066083,-2.745532512664795,0.954930305480957,-2.239764213562012,0.996526539325714,-1.7551560401916504,0.9133340716362,7AWE,8.437707135543526,high,0.36059999999999964,6,105.00950000000005,0.46304615262258836,9,124.44000000000001
CC(C)[C@H](NC(=O)N[C@H](C(=O)N[C@H]1/C=C/CCNC(=O)/C=C/[C@H](C(C)C)NC1=O)C(C)C)C(=O)O,CHEMBL1236043,CHEMBL3631541,843.0,843.0,6.07,B,CHEMBL3627672,Ki,nM,UO_0000065,843.0,843.0,6.07,,,,,,,,,,,,,,,,,,6.709238970314104,0.1953264377308208,5.315637514112277,,,5.315637514112277,-1.038299322128296,0.5753277540206909,-0.2802892327308655,0.4761067032814026,0.086641639471054,0.6745488047599792,7AWE,6.074172425375258,medium,0.677300000000004,5,131.16130000000004,0.2720468187469305,8,165.73
CC(C)[C@H](NC(=O)N[C@H](C(=O)N[C@H]1CCCCNC(=O)/C=C/[C@H](C(C)C)NC1=O)C(C)C)C(=O)O,CHEMBL1236118,CHEMBL5551614,7778.0,7778.0,5.11,B,CHEMBL5550143,Ki,nM,UO_0000065,7778.0,7778.0,5.11,,,,,,,,,,,,,,,,,,6.366382991381873,0.4301471092435528,5.9190590422973735,,,5.9190590422973735,-0.9501888751983644,0.164865180850029,0.1987965703010559,0.0941319689154625,-0.2222251892089843,0.2355984002351761,7AWE,5.109132061188559,low,0.901300000000004,5,131.25530000000006,0.2926559981998848,8,165.73
CCC(=C(c1ccc(OCCN2CCCCCC2)cc1)c1ccc(OCCN2CCCCCC2)cc1)c1ccccc1,CHEMBL3099618,CHEMBL3100300,580.0,0.58,6.24,B,CHEMBL3098012,Ki,uM,UO_0000065,0.58,580.0,6.24,,,,,,,,,,,,,,,,,,6.04471521584022,0.9021625275260348,7.628548816052011,,,7.628548816052011,-1.143476963043213,0.4905477166175842,-0.6833430528640747,0.7424888610839844,0.5520961880683899,0.238606572151184,7AWE,6.236572006437063,medium,8.565300000000006,4,176.3389999999994,0.20509075576557967,12,24.940000000000005
CCCCCCCCCC(=O)N[C@@H](Cc1ccccc1)C(=O)N[C@H]1/C=C/CCNC(=O)/C=C/[C@H](C(C)C)NC1=O,CHEMBL3629678,CHEMBL3631541,0.8700000000000001,0.8700000000000001,9.325,B,CHEMBL3627672,Ki,nM,UO_0000065,0.8700000000000001,0.8700000000000001,9.325,,,,,,,,,,,,,,,,,,7.305577371885189,0.0494791953234302,5.585189501240494,,,5.585189501240494,-1.7342758178710938,0.5113621354103088,-0.9358424544334412,0.5969914793968201,-0.3766108155250549,0.42573282122612,7AWE,9.060480747381382,high,4.112500000000002,4,159.2927999999998,0.20528489893388094,14,116.4
CCCCCCCCCC(=O)N[C@@H](Cc1ccccc1)C(=O)N[C@H]1CCCCNC(=O)/C=C/[C@H](C(C)C)NC1=O,CHEMBL5571946,CHEMBL5551614,46.0,46.0,7.34,B,CHEMBL5550143,Ki,nM,UO_0000065,46.0,46.0,7.34,,,,,,,,,,,,,,,,,,6.689839496318697,0.2042492656122898,5.338940235165927,,,5.338940235165927,-1.2896037101745603,0.542109489440918,-0.2970089912414551,0.541200578212738,-0.1563897877931594,0.5430184602737427,7AWE,7.337242168318426,high,4.336500000000002,4,159.38679999999977,0.2561283558660483,14,116.4
CCCCNC(=O)/C=C/Cn1ccc2cc(OC)c(OC)cc2c1=O,CHEMBL5192242,CHEMBL5144643,19000.0,19.0,4.72,B,CHEMBL5143533,Ki,uM,UO_0000065,19.0,19000.0,4.72,-5.1,0.0,0.0,-5.1,0.0,0.0,-4.5,-5.0,-5.0,-4.87,-0.66,0.4181,3.844,-3.77,-0.48,0.7451,4.929,5.952086399597076,1.116641078398663,5.147729679621288,,,5.147729679621288,0.955446481704712,0.178157165646553,1.3407078981399536,0.0798109993338584,1.5743415355682373,0.276503324508667,7AWE,4.721246399047171,low,2.491200000000001,5,98.36970000000007,0.5899723970033081,8,69.56
CCN(CC)c1ccn(CC(=O)N[C@@H](CC(C)C)B(O)O)c(=O)c1,CHEMBL2385811,CHEMBL2388793,800.0,0.8,6.1,B,CHEMBL2384970,Ki,uM,UO_0000065,0.8,800.0,6.1,,,,,,,,,,-4.66,-1.18,0.2756,4.222,-3.59,-0.85,0.595,4.887,6.195553785008013,0.6374501314167013,6.533978417018138,,,6.533978417018138,-1.2946734428405762,0.4937141835689544,-0.5944917798042297,0.4325168132781982,-0.9006900787353516,0.5549115538597107,7AWE,6.096910013008056,medium,0.23739999999999994,6,95.84030000000004,0.5612477583082388,9,94.80000000000001
CCc1cccc(Nc2ccn(CCC(=O)N[C@@H](CC(C)C)B(O)O)c(=O)c2)c1,CHEMBL4458610,CHEMBL4367680,17.0,0.017,7.77,B,CHEMBL4364300,Ki,uM,UO_0000065,0.017,17.0,7.77,,,,,,,,,,-5.59,-1.08,0.3427,4.818,-4.82,-0.64,0.5211,5.556,7.231369822975539,0.0586989289579423,7.321162754757897,,,7.321162754757897,-2.0195226669311523,0.6284627914428711,-1.6731969118118286,0.9459738731384276,-0.8688399195671082,0.3109516501426697,7AWE,7.769551078621726,high,2.0872999999999995,6,115.99900000000005,0.45836441359265406,10,103.59
CN/C(=N\CCSCc1ccc2ccccc2n1)NS(=O)(=O)c1ccccc1,CHEMBL3929092,CHEMBL3860288,2120.0,2.12,5.67,B,CHEMBL3860032,Ki,uM,UO_0000065,2.12,2120.0,5.67,-6.4,0.0,0.0,-6.4,0.0,0.0,-5.5,-6.1,-6.1,-6.45,-0.42,0.4607,4.684,-5.27,-0.88,0.5485,5.297,4.728528857145566,18.684055249956288,6.623271959729656,,,6.623271959729656,0.7060365676879883,0.3356369733810425,1.4577385187149048,0.3539311289787292,1.3867430686950684,0.3173427879810333,7AWE,5.673664139071249,low,3.0219000000000014,5,116.03020000000002,0.3527350813501064,7,83.44999999999999
COC(=O)[C@@H](NC(=O)N[C@@H](Cc1ccccc1)C(=O)N[C@H]1CCCCNC(=O)/C=C/[C@H](C(C)C)NC1=O)C(C)C,CHEMBL3613825,CHEMBL3615140,949.8,0.9498,6.02,B,CHEMBL3612027,Ki,uM,UO_0000065,0.9498,949.8,6.02,,,,,,,,,,,,,,,,,,5.54827083279142,2.8296268461722787,5.437063438287557,,,5.437063438287557,-2.3488335609436035,0.5804468989372253,-1.647140383720398,0.5658945441246033,-0.8041720390319824,0.5949992537498474,7AWE,6.022367834754,medium,1.5764000000000027,6,150.94349999999986,0.29053324654567986,9,154.73
COC(=O)[C@@H](NC(=O)N[C@@H](Cc1ccccc1)C(=O)N[C@H]1CCCCNC(=O)/C=C/[C@H](Cc2c[nH]c3ccccc23)NC1=O)C(C)C,CHEMBL3613827,CHEMBL3615140,385.2,0.3852,6.41,B,CHEMBL3612027,Ki,uM,UO_0000065,0.3852,385.2,6.41,,,,,,,,,,,,,,,,,,8.039568666848977,0.0091291708140888,5.771918424411577,,,5.771918424411577,-1.123765230178833,0.2903342247009277,-0.1405105292797088,0.2853673100471496,0.4163570702075958,0.2953011393547058,7AWE,6.414313721547503,medium,2.644400000000002,6,178.1081999999996,0.1854402783617514,10,170.51999999999998
COC(=O)[C@@H](NC(=O)N[C@@H](Cc1ccccc1)C(=O)N[C@H]1CCCCNC(=O)/C=C/[C@H](Cc2ccccc2)NC1=O)C(C)C,CHEMBL3613826,CHEMBL3615140,447.0,0.447,6.35,B,CHEMBL3612027,Ki,uM,UO_0000065,0.447,447.0,6.35,,,,,,,,,,,,,,,,,,6.13696136279315,0.7295224096618466,5.397643202031667,,,5.397643202031667,-2.661227226257324,0.7430942058563232,-1.6381797790527344,0.8057156205177307,-1.2129451036453247,0.680472731590271,7AWE,6.349692476868063,medium,2.163100000000002,6,166.25149999999962,0.2616747870331251,10,154.73
COC(=O)[C@@H](NC(=O)N[C@H](C(=O)N[C@H]1CCCCNC(=O)/C=C/[C@H](C(C)C)NC1=O)C(C)C)C(C)C,CHEMBL3613812,CHEMBL3615140,2120.0,2.12,5.67,B,CHEMBL3612027,Ki,uM,UO_0000065,2.12,2120.0,5.67,,,,,,,,,,,,,,,,,,7.712801899214038,0.0193730545252921,5.52315079921612,,,5.52315079921612,-1.5864953994750977,0.4929212927818298,-0.4355928301811218,0.3298951089382171,-0.7603487372398376,0.6559475064277649,7AWE,5.673664139071249,low,0.9897000000000029,6,135.63549999999998,0.30747309426002783,8,154.73
COC(=O)[C@@H](NC(=O)N[C@H](C(=O)N[C@H]1CCCCNC(=O)/C=C/[C@H](CC(C)C)NC1=O)C(C)C)C(C)C,CHEMBL3613813,CHEMBL3615140,3231.0,3.231,5.49,B,CHEMBL3612027,Ki,uM,UO_0000065,3.231,3231.0,5.49,,,,,,,,,,,,,,,,,,7.542937870086237,0.0286458774683695,5.34539335365329,,,5.34539335365329,-2.1562952995300293,0.5206571817398071,-1.0399550199508667,0.4372464418411255,-1.2010228633880615,0.6040679812431335,7AWE,5.490663041982356,low,1.3798000000000026,6,140.2524999999999,0.2877120204757008,9,154.73
COC(=O)[C@@H](NC(=O)N[C@H](C(=O)N[C@H]1CCCCNC(=O)/C=C/[C@H](Cc2c[nH]c3ccccc23)NC1=O)C(C)C)C(C)C,CHEMBL3613824,CHEMBL3615140,1711.0,1.711,5.77,B,CHEMBL3612027,Ki,uM,UO_0000065,1.711,1711.0,5.77,,,,,,,,,,,,,,,,,,7.606206200648215,0.0247624607036841,5.277808795857857,,,5.277808795857857,-0.7961561679840088,0.1660513579845428,0.0080247074365615,0.0724300071597099,0.7067096829414368,0.2596727013587951,7AWE,5.7667499904589,low,2.057700000000003,6,162.80019999999965,0.24208556743884155,9,170.51999999999998
COC(=O)[C@@H](NC(=O)N[C@H](C(=O)N[C@H]1CCCCNC(=O)/C=C/[C@H](Cc2cc(F)cc(F)c2)NC1=O)C(C)C)C(C)C,CHEMBL3613818,CHEMBL3615140,951.9,0.9519,6.02,B,CHEMBL3612027,Ki,uM,UO_0000065,0.9519,951.9,6.02,,,,,,,,,,,,,,,,,,6.370261522745653,0.4263227191672414,5.386252581097821,,,5.386252581097821,-2.2827048301696777,0.4849527478218078,-0.8158448934555054,0.210333377122879,-1.345590353012085,0.7595720887184143,7AWE,6.021408673179925,medium,1.8546000000000022,6,150.8594999999998,0.2755289856115014,9,154.73
COC(=O)[C@@H](NC(=O)N[C@H](C(=O)N[C@H]1CCCCNC(=O)/C=C/[C@H](Cc2ccc(C)cc2)NC1=O)C(C)C)C(C)C,CHEMBL3613823,CHEMBL3615140,1140.0,1.14,5.94,B,CHEMBL3612027,Ki,uM,UO_0000065,1.14,1140.0,5.94,,,,,,,,,,,,,,,,,,7.762227871441981,0.0172890897408372,5.726291153945562,,,5.726291153945562,-1.8434386253356927,0.4052075147628784,-0.4419449269771576,0.1122192293405532,-0.9808809161186218,0.6981958150863647,7AWE,5.943095148663527,low,1.8848200000000037,6,155.68049999999968,0.2852858578723438,9,154.73
COC(=O)[C@@H](NC(=O)N[C@H](C(=O)N[C@H]1CCCCNC(=O)/C=C/[C@H](Cc2ccc(Cl)cc2)NC1=O)C(C)C)C(C)C,CHEMBL3613821,CHEMBL3615140,1237.0,1.237,5.91,B,CHEMBL3612027,Ki,uM,UO_0000065,1.237,1237.0,5.91,,,,,,,,,,,,,,,,,,7.654586841455792,0.0221520110076254,5.26262087966692,,,5.26262087966692,-2.9830713272094727,0.719417929649353,-1.779158353805542,0.5911263823509216,-1.745906949043274,0.8477095365524292,7AWE,5.907630300370879,low,2.229800000000001,6,155.95349999999974,0.2774553504764954,9,154.73
COC(=O)[C@@H](NC(=O)N[C@H](C(=O)N[C@H]1CCCCNC(=O)/C=C/[C@H](Cc2cccc(C(F)(F)F)c2)NC1=O)C(C)C)C(C)C,CHEMBL3613815,CHEMBL3615140,7575.0,7.575,5.12,B,CHEMBL3612027,Ki,uM,UO_0000065,7.575,7575.0,5.12,,,,,,,,,,,,,,,,,,6.905073975656398,0.1244302645124949,5.989734603290266,,,5.989734603290266,-1.780853271484375,0.4023324847221374,-0.1254390180110931,0.1485260426998138,-0.9398179650306702,0.6561388969421387,7AWE,5.120617362825657,low,2.595200000000002,6,155.94549999999973,0.2660077656943019,9,154.73
COC(=O)[C@@H](NC(=O)N[C@H](C(=O)N[C@H]1CCCCNC(=O)/C=C/[C@H](Cc2cccc(C)c2)NC1=O)C(C)C)C(C)C,CHEMBL3613822,CHEMBL3615140,2347.0,2.347,5.63,B,CHEMBL3612027,Ki,uM,UO_0000065,2.347,2347.0,5.63,,,,,,,,,,,,,,,,,,7.408422180828955,0.0390461141122036,5.41153412323925,,,5.41153412323925,-1.922525405883789,0.3723803162574768,-0.6673288345336914,0.1374734044075012,-0.908282458782196,0.6072872281074524,7AWE,5.629486910401408,low,1.8848200000000037,6,155.68049999999968,0.2852858578723438,9,154.73
COC(=O)[C@@H](NC(=O)N[C@H](C(=O)N[C@H]1CCCCNC(=O)/C=C/[C@H](Cc2cccc(Cl)c2)NC1=O)C(C)C)C(C)C,CHEMBL3613820,CHEMBL3615140,963.1,0.9631,6.02,B,CHEMBL3612027,Ki,uM,UO_0000065,0.9631,963.1,6.02,,,,,,,,,,,,,,,,,,7.310900074395292,0.0488764804935434,5.535177223803351,,,5.535177223803351,-1.8575501441955569,0.6238951086997986,-0.1606207937002182,0.3983737826347351,-1.1900694370269775,0.8494164347648621,7AWE,6.016328617139804,medium,2.229800000000001,6,155.95349999999974,0.2774553504764954,9,154.73
COC(=O)[C@@H](NC(=O)N[C@H](C(=O)N[C@H]1CCCCNC(=O)/C=C/[C@H](Cc2cccc(F)c2)NC1=O)C(C)C)C(C)C,CHEMBL3613817,CHEMBL3615140,591.6,0.5916,6.23,B,CHEMBL3612027,Ki,uM,UO_0000065,0.5916,591.6,6.23,,,,,,,,,,,,,,,,,,7.537108695568511,0.0290329592431077,5.755044308531918,,,5.755044308531918,-2.764092445373535,0.6277252435684204,-1.5855395793914795,0.4048273861408233,-1.585939884185791,0.8506230711936951,7AWE,6.227971834675145,medium,1.7155000000000025,6,150.90149999999977,0.28261344455920834,9,154.73
COC(=O)[C@@H](NC(=O)N[C@H](C(=O)N[C@H]1CCCCNC(=O)/C=C/[C@H](Cc2ccccc2)NC1=O)C(C)C)C(C)C,CHEMBL3613814,CHEMBL3615140,743.4,0.7434,6.13,B,CHEMBL3612027,Ki,uM,UO_0000065,0.7434,743.4,6.13,,,,,,,,,,,,,,,,,,7.447508660107448,0.0356854633304787,5.083949550139181,,,5.083949550139181,-1.473951816558838,0.5362043976783752,-0.4553179740905761,0.3677252531051636,-0.3058258295059204,0.7046835422515869,7AWE,6.128777443240293,medium,1.5764000000000036,6,150.94349999999977,0.29053324654567986,9,154.73
COC(=O)[C@@H](NC(=O)N[C@H](C(=O)N[C@H]1CCCCNC(=O)/C=C/[C@H](Cc2ccccc2Cl)NC1=O)C(C)C)C(C)C,CHEMBL3613819,CHEMBL3615140,2113.0,2.113,5.67,B,CHEMBL3612027,Ki,uM,UO_0000065,2.113,2113.0,5.67,,,,,,,,,,,,,,,,,,7.565309097902558,0.0272076418503622,5.291245636632852,,,5.291245636632852,-2.85679578781128,0.7392851114273071,-1.5154600143432615,0.6204412579536438,-1.765655755996704,0.8581289649009705,7AWE,5.675100502947687,low,2.229800000000001,6,155.95349999999974,0.2774553504764954,9,154.73
COC(=O)[C@@H](NC(=O)N[C@H](C(=O)N[C@H]1CCCCNC(=O)/C=C/[C@H](Cc2ccccc2F)NC1=O)C(C)C)C(C)C,CHEMBL3613816,CHEMBL3615140,906.2,0.9062,6.04,B,CHEMBL3612027,Ki,uM,UO_0000065,0.9062,906.2,6.04,,,,,,,,,,,,,,,,,,7.485522539259543,0.0326947078310436,5.360925898543085,,,5.360925898543085,-2.7666893005371094,0.6327304840087891,-1.5955547094345093,0.4829841554164886,-1.5809406042099,0.7824767827987671,7AWE,6.042775942156833,medium,1.7155000000000025,6,150.90149999999977,0.28261344455920834,9,154.73
COC(=O)[C@H](CC(C)C)NC(=O)[C@H](Cc1ccccc1)NC(=O)[C@H](CO)NC(=O)OCc1ccccc1,CHEMBL3612421,CHEMBL3860288,10260.0,10.26,4.99,B,CHEMBL3860032,Ki,uM,UO_0000065,10.26,10260.0,4.99,-4.6,0.0,0.0,-4.6,0.0,0.0,-4.0,-4.2,-4.1,-6.08,-0.32,0.697,5.43,-6.08,-0.32,0.697,5.43,5.004993331269251,9.885682743226004,4.939059033264671,,,4.939059033264671,-0.6811909675598145,0.5594307780265808,0.8167620897293091,0.6579236388206482,-0.2126703262329101,0.4609379470348358,7AWE,4.988852639224203,low,1.7051000000000012,7,136.11489999999995,0.2986571147485813,13,143.06
COC(=O)[C@H](CO)NC(=O)[C@H](CC(C)C)NC(=O)[C@H](CC(C)C)NC(=O)OCc1ccccc1,CHEMBL3919583,CHEMBL3860288,420.0,0.42,6.38,B,CHEMBL3860032,Ki,uM,UO_0000065,0.42,420.0,6.38,-5.2,0.0,0.0,-5.2,0.0,0.0,-4.4,-5.0,-5.0,-5.85,-0.4,0.308,4.683,-4.71,-0.8,0.483,4.774,6.457922513559559,0.3483994706188604,4.997483749544479,,,4.997483749544479,-0.7170717716217041,0.2484265565872192,0.4388847649097442,0.2663524448871612,-0.0746858865022659,0.2305006682872772,7AWE,6.376750709602099,medium,1.5085000000000002,7,125.42390000000005,0.3140728959626382,13,143.05999999999997
COC(=O)[C@H](Cc1ccc(O)cc1)NC(=O)[C@H](CC(C)C)NC(=O)[C@H](CO)NC(=O)OCc1ccccc1,CHEMBL3612420,CHEMBL3860288,4700.0,4.7,5.33,B,CHEMBL3860032,Ki,uM,UO_0000065,4.7,4700.0,5.33,-5.4,0.0,0.0,-5.4,0.0,0.0,-4.3,-5.4,-5.4,-7.04,-1.09,0.5675,4.854,-6.82,-0.77,0.7841,5.496,5.245278840261845,5.684878140930589,5.382973753698409,,,5.382973753698409,-0.7930448055267334,0.4796493649482727,0.2793075144290924,0.6954432129859924,0.1815724372863769,0.2638554871082306,7AWE,5.327902142064282,low,1.4107000000000005,8,137.77969999999993,0.24324788885563672,13,163.28999999999996
COC[C@H](NC(=O)[C@H](CC(=O)NCC(C)(C)C)NS(=O)(=O)c1ccc(C)cc1)C(=O)N[C@@H](CC(C)C)C(=O)c1nnc(-c2ccccc2)o1,CHEMBL377532,CHEMBL861973,0.72,0.00072,9.14,B,CHEMBL1147675,Ki app,uM,UO_0000065,0.00072,0.72,9.14,-5.6,0.0,0.0,-5.6,0.0,0.0,-3.7,-4.5,-4.5,-6.16,-2.52,0.1961,5.15,-5.26,-0.91,0.5258,5.996,7.585040752201751,0.0259991558756767,6.644515351187553,,,6.644515351187553,-3.348324775695801,0.8616909980773926,-2.5757360458374023,0.9941784143447876,-1.255079746246338,0.7292036414146423,7AWE,9.142667503568733,high,2.7893200000000036,10,181.62709999999953,0.15212128085425547,17,198.68999999999994
COC[C@H](NC(=O)[C@H](COCc1ccccc1)NS(=O)(=O)c1ccc(C)cc1)C(=O)N[C@@H](CC(C)C)C(=O)c1nnc(-c2ccccc2)o1,CHEMBL207425,CHEMBL861973,32.0,0.032,7.5,B,CHEMBL1147675,Ki app,uM,UO_0000065,0.032,32.0,7.5,-5.1,0.0,0.0,-5.1,0.0,0.0,-4.4,-4.8,-4.6,-6.53,-1.98,0.2766,6.037,-5.06,-2.64,0.5796,6.309,8.466062955685063,0.0034192987248557,6.494234642544811,,,6.494234642544811,-1.860182285308838,0.6631287336349487,-0.3580965399742126,0.6608169078826904,-0.605219841003418,0.6654406189918518,7AWE,7.494850021680094,high,3.4537200000000015,10,180.64339999999956,0.13095032998773082,18,178.81999999999994
COc1cc(/C=C2\NC(=S)N(c3ccccc3)C2=O)ccc1O,CHEMBL4208777,CHEMBL4185009,11500.0,11.5,4.94,B,CHEMBL4184119,Ki,uM,UO_0000065,11.5,11500.0,4.94,-6.6,0.0,0.0,-6.6,0.0,0.0,-4.4,-6.1,-6.1,-4.42,-0.51,0.3608,4.695,-4.23,-0.54,0.3631,4.474,4.863644830204606,13.688478235970932,5.435569989476529,,,5.435569989476529,0.3822951316833496,0.487869381904602,0.7613903284072876,0.5334097146987915,0.9972179532051086,0.442329078912735,7AWE,4.939302159646388,low,2.6630000000000016,4,92.29750000000001,0.6706330511695392,3,61.8
COc1cc2ccn(C/C=C/C(=O)NC3CCCCC3)c(=O)c2cc1OC,CHEMBL5196430,CHEMBL5144643,23000.0,23.0,4.64,B,CHEMBL5143533,Ki,uM,UO_0000065,23.0,23000.0,4.64,-5.7,0.0,0.0,-5.7,0.0,0.0,-5.0,-5.3,-5.2,-5.28,-0.42,0.4089,4.565,-5.03,-0.17,0.5566,4.782,5.219982322452211,6.025841131938834,5.862600292946181,,,5.862600292946181,0.7796781063079834,0.1794296205043792,2.1168036460876465,0.1119659841060638,0.6022030115127563,0.2468932718038559,7AWE,4.638272163982407,low,3.0238000000000014,5,105.46770000000004,0.7938162443731189,6,69.56
COc1cc2ccn(C/C=C/C(=O)NCCC(C)C)c(=O)c2cc1OC,CHEMBL5182479,CHEMBL5144643,1180.0,1.18,5.93,B,CHEMBL5143533,Ki,uM,UO_0000065,1.18,1180.0,5.93,-5.3,0.0,0.0,-5.3,0.0,0.0,-4.5,-4.7,-4.9,-4.8,-0.67,0.4418,4.405,-4.29,1.05,0.7532,4.143,4.759467391220936,17.399333351384392,5.493693907020765,,,5.493693907020765,0.7718162536621094,0.2370687425136566,1.6907120943069458,0.1904128193855285,0.94225412607193,0.2837246656417846,7AWE,5.928117992693874,low,2.7372000000000005,5,102.91670000000003,0.7368743159463716,8,69.56
COc1cc2ccn(C/C=C/C(=O)NCCCc3ccccc3)c(=O)c2cc1OC,CHEMBL5172870,CHEMBL5144643,10610.0,10.61,4.97,B,CHEMBL5143533,Ki,uM,UO_0000065,10.61,10610.0,4.97,-5.3,0.0,0.0,-5.3,0.0,0.0,-4.5,-4.5,-4.7,-5.61,-0.78,0.643,4.871,-5.25,-0.62,0.7762,4.759,5.219602887249145,6.031108100412935,6.457974567737797,,,6.457974567737797,0.9634064435958862,0.2101074457168579,2.04621696472168,0.0989861115813255,1.2304067611694336,0.3212287724018097,7AWE,4.974284616098659,low,3.323900000000002,5,118.22470000000006,0.43719892280108574,9,69.56
COc1cc2ccn(C/C=C/C(=O)NCCc3ccccc3)c(=O)c2cc1OC,CHEMBL5198329,CHEMBL5144643,60000.0,60.0,4.22,B,CHEMBL5143533,Ki,uM,UO_0000065,60.0,60000.0,4.22,-6.2,0.0,0.0,-6.2,0.0,0.0,-5.5,-5.7,-5.7,-6.11,1.99,0.3959,4.687,-5.29,-0.67,0.5214,4.905,5.030795669615716,9.315460537109066,6.296951158682275,,,6.296951158682275,1.2228914499282837,0.1921357214450836,1.9445067644119265,0.0950545519590377,1.7674071788787842,0.2892168760299682,7AWE,4.221848749616356,low,2.9338000000000015,5,113.60770000000005,0.5986777258448833,8,69.56
COc1cc2ccn(C/C=C/C(=O)Nc3ccccc3)c(=O)c2cc1OC,CHEMBL5207762,CHEMBL5144643,49000.0,49.0,4.31,B,CHEMBL5143533,Ki,uM,UO_0000065,49.0,49000.0,4.31,-5.6,0.0,0.0,-5.6,0.0,0.0,-4.9,-5.2,-5.2,-5.44,-0.55,0.313,4.126,-4.94,-0.42,0.7532,4.779,5.135183440598142,7.325150625157303,5.482582973094945,,,5.482582973094945,1.2072263956069946,0.2324409335851669,2.324232578277588,0.0944159850478172,1.2207472324371338,0.370465874671936,7AWE,4.309803919971486,low,3.2136000000000013,5,105.52370000000005,0.6820943211692424,6,69.56
COc1ccc(/C=C2\NC(=S)N(c3ccccc3)C2=O)cc1,CHEMBL4213715,CHEMBL4185009,10900.0,10.9,4.96,B,CHEMBL4184119,Ki,uM,UO_0000065,10.9,10900.0,4.96,-5.7,0.0,0.0,-5.7,0.0,0.0,-4.0,-5.7,-5.7,-4.3,-0.33,0.3819,4.15,-4.06,0.7,0.6452,4.496,4.925619060570701,11.868092961200722,5.512613164825227,,,5.512613164825227,0.8583199977874756,0.4345250725746155,1.3671892881393433,0.3810913264751434,1.2094008922576904,0.4879588484764099,7AWE,4.962573502059376,low,2.9574000000000016,3,90.63270000000003,0.6989286990297108,3,41.57
COc1ccc(/C=C2\NC(=S)N(c3ccccc3)C2=O)cc1O,CHEMBL4212662,CHEMBL4185009,2350.0,2.35,5.63,B,CHEMBL4184119,Ki,uM,UO_0000065,2.35,2350.0,5.63,-6.0,0.0,0.0,-6.0,0.0,0.0,-4.3,-5.6,-5.6,-5.05,0.3,0.2384,4.344,-4.05,0.99,0.47,4.8,4.997100855684086,10.066978574738991,5.640270340492752,,,5.640270340492752,0.5457282066345215,0.5150116086006165,1.0622379779815674,0.5054445266723633,1.0121039152145386,0.5245786905288696,7AWE,5.628932137728263,low,2.6630000000000007,4,92.29750000000003,0.6706330511695392,3,61.8
COc1ccc(/C=C2\NC(=S)N(c3ccccc3)C2=O)cc1OC,CHEMBL4204445,CHEMBL4185009,2010.0,2.01,5.7,B,CHEMBL4184119,Ki,uM,UO_0000065,2.01,2010.0,5.7,-6.1,0.0,0.0,-6.1,0.0,0.0,-4.3,-5.4,-4.3,-4.54,0.99,0.3739,4.437,-4.06,-0.42,0.5332,4.867,4.835134793109559,14.617234251378562,5.372520676095222,,,5.372520676095222,0.6088924407958984,0.4228163659572601,1.3905833959579468,0.4061236679553985,0.8797197937965393,0.4395090639591217,7AWE,5.696803942579511,low,2.966000000000001,4,97.18470000000003,0.6849515449128207,4,50.8
COc1ccc(NC(=O)Cn2ccc(Nc3ccccc3)cc2=O)cc1,CHEMBL3233458,CHEMBL3239238,1480.0,1.48,5.83,B,CHEMBL3232790,Ki,uM,UO_0000065,1.48,1480.0,5.83,-5.6,0.0,0.0,-5.6,0.0,0.0,-5.1,-5.3,-5.3,-5.79,0.84,0.4699,4.774,-5.79,0.84,0.4699,4.774,5.076421891912156,8.386448957786504,5.00932969658881,,,5.00932969658881,0.7713806629180908,0.2157800793647766,1.392709493637085,0.2112232446670532,1.2274917364120483,0.2203368991613388,7AWE,5.8297382846050425,low,3.239200000000001,5,102.05040000000002,0.7165509457641567,6,72.36
COc1cccc(/C=C2\NC(=S)N(c3ccccc3)C2=O)c1,CHEMBL4215753,CHEMBL4185009,17500.0,17.5,4.76,B,CHEMBL4184119,Ki,uM,UO_0000065,17.5,17500.0,4.76,-6.3,0.0,0.0,-6.3,0.0,0.0,-4.5,-5.7,-4.8,-6.48,-0.08,0.3633,4.048,-4.14,-0.35,0.5208,4.782,4.662463576336418,21.75386472953837,5.2723349613257575,,,5.2723349613257575,0.7778503894805908,0.4925635457038879,1.268107771873474,0.4819158017635345,1.153024196624756,0.503211259841919,7AWE,4.756961951313706,low,2.9574000000000007,3,90.63270000000003,0.6989286990297108,3,41.57
COc1ccccc1NC(=O)Nc1ccc2n(c1=O)C[C@@H]1C[C@H]2CN(C(=O)c2ccc3ccccc3c2)C1,CHEMBL5269242,CHEMBL5256151,4602.0,4.602,5.34,B,CHEMBL5252637,Ki,uM,UO_0000065,4.602,4602.0,5.34,-7.5,0.0,0.0,-7.5,0.0,0.0,-6.0,-6.7,-6.7,-7.32,0.71,0.3667,5.811,-5.3,-1.11,0.5003,5.794,4.790248083229983,16.208839308751074,6.319471311056452,,,6.319471311056452,-0.3762505054473877,0.264962375164032,0.4775850772857666,0.1972462236881256,0.7203813195228577,0.3326785564422607,7AWE,5.337053385667375,low,4.913600000000004,5,147.03689999999975,0.40961256633909965,4,92.66999999999999
C[C@H](NC(=O)[C@@H](N)Cc1ccc(OCc2ccccc2)cc1)C(=O)N[C@@H](C[C@]1(O)C(=O)Nc2ccccc21)C(=O)NCc1ccccc1,CHEMBL2337850,CHEMBL2345513,24500.0,24500.0,4.61,B,CHEMBL2331312,Ki,nM,UO_0000065,24500.0,24500.0,4.61,-6.5,0.0,0.0,-6.5,0.0,0.0,-5.7,-6.2,-6.2,-7.24,-1.55,0.431,5.474,-6.23,-1.11,0.5787,5.942,7.476689991320647,0.0333664504627332,5.775652528278832,,,5.775652528278832,-1.4169864654541016,0.5848738551139832,0.6156964898109436,0.467428594827652,-0.875074565410614,0.7023190855979919,7AWE,4.610833915635467,low,2.6713000000000013,7,180.30499999999967,0.12192549720264496,14,171.88000000000002
Cc1ccc(COC[C@H](NS(=O)(=O)c2ccc(C)cc2)C(=O)N[C@@H](C)C(=O)N[C@@H](CC(C)C)C(=O)c2nnc(-c3ccccc3)o2)cc1,CHEMBL379476,CHEMBL861973,500.0,0.5,6.3,B,CHEMBL1147675,Ki app,uM,UO_0000065,0.5,500.0,6.3,-6.0,0.0,0.0,-6.0,0.0,0.0,-5.2,-5.4,-5.4,-6.65,-1.34,0.3963,5.962,-6.44,-0.71,0.5715,6.747,6.836713074641806,0.1456420976522194,6.876569109944032,,,6.876569109944032,-1.9638967514038088,0.3841761946678161,-0.376550018787384,0.3365972638130188,-0.8471609354019165,0.4317551553249359,7AWE,6.301029995663981,medium,4.135640000000004,9,179.17839999999956,0.14784900462945486,16,169.58999999999997
Cc1ccc(S(=O)(=O)N[C@@H](CC(=O)NCC(C)(C)C)C(=O)N[C@@H](C)C(=O)NC(C)(C)C(=O)c2nnc(-c3ccccc3)o2)cc1,CHEMBL205687,CHEMBL861973,130.0,0.13,6.89,B,CHEMBL1147675,Ki app,uM,UO_0000065,0.13,130.0,6.89,-5.4,0.0,0.0,-5.4,0.0,0.0,-4.6,-4.8,-4.8,-7.01,-2.07,0.2498,6.056,-5.26,-1.24,0.3216,5.738,6.2203022995469945,0.6021403081042873,6.73670025572967,,,6.73670025572967,-1.0424683094024658,0.3999108672142029,0.3113657832145691,0.2726850807666778,0.1097363233566284,0.5271366834640503,7AWE,6.886056647693163,medium,2.526720000000002,9,166.26109999999963,0.20350163092930387,13,189.45999999999998
Cc1ccc(S(=O)(=O)N[C@@H](CC(=O)NCC(C)(C)C)C(=O)N[C@@H](C)C(=O)N[C@@H](CC(C)C)C(=O)c2nnc(-c3ccc(N(C)C)cc3)o2)cc1,CHEMBL205757,CHEMBL861973,0.51,0.00051,9.29,B,CHEMBL1147675,Ki app,uM,UO_0000065,0.00051,0.51,9.29,-5.4,0.0,0.0,-5.4,0.0,0.0,-4.7,-5.1,-5.1,-6.29,-2.89,0.1667,6.025,-5.79,-1.89,0.3388,6.182,6.909575359631537,0.1231472279706724,6.383185315848686,,,6.383185315848686,-2.926281452178955,0.7316529154777527,-1.7541862726211548,0.7616047263145447,-1.2242988348007202,0.7017011046409607,7AWE,9.292429823902063,high,3.2288200000000034,10,189.7520999999995,0.16045683936400604,16,192.7
Cc1ccc(S(=O)(=O)N[C@@H](CC(=O)NCC(C)(C)C)C(=O)N[C@@H](C)C(=O)N[C@@H](CC(C)C)C(=O)c2nnc(-c3ccccc3)o2)cc1,CHEMBL383674,CHEMBL861973,0.72,0.00072,9.14,B,CHEMBL1147675,Ki app,uM,UO_0000065,0.00072,0.72,9.14,-5.8,0.0,0.0,-5.8,0.0,0.0,-5.0,-5.0,-5.2,-6.5,-2.11,0.175,5.336,-5.96,-2.33,0.252,5.739,6.822835443817713,0.1503711621429609,6.906808032822827,,,6.906808032822827,-3.033989429473877,0.8410770893096924,-2.073766231536865,0.9148017168045044,-1.2553553581237793,0.7673524618148804,7AWE,9.142667503568733,high,3.1628200000000026,9,175.42509999999953,0.1763589533051537,15,189.45999999999998
Cc1ccc(S(=O)(=O)N[C@@H](COCc2cccc(Cl)c2)C(=O)N[C@@H](C)C(=O)N[C@@H](CC(C)C)C(=O)c2nnc(-c3ccccc3)o2)cc1,CHEMBL381931,CHEMBL861973,140.0,0.14,6.85,B,CHEMBL1147675,Ki app,uM,UO_0000065,0.14,140.0,6.85,-5.5,0.0,0.0,-5.5,0.0,0.0,-4.4,-4.5,-4.5,-6.79,-0.51,0.232,6.079,-6.05,-2.47,0.5528,6.086,6.953575696964145,0.1112818413092975,7.056687325862917,,,7.056687325862917,-2.062345027923584,0.6753798723220825,-0.4528873562812805,0.6499962210655212,-0.8734056353569031,0.7007635235786438,7AWE,6.853871964321762,medium,4.480620000000004,9,179.4513999999996,0.14310585925772792,16,169.58999999999997
Cc1ccc(S(=O)(=O)N[C@@H](COCc2ccccc2C)C(=O)N[C@@H](C)C(=O)N[C@@H](CC(C)C)C(=O)c2nnc(-c3ccccc3)o2)cc1,CHEMBL437311,CHEMBL861973,45.0,0.045,7.35,B,CHEMBL1147675,Ki app,uM,UO_0000065,0.045,45.0,7.35,-5.9,0.0,0.0,-5.9,0.0,0.0,-4.8,-5.0,-5.0,-6.61,-3.54,0.2959,5.756,-5.29,-1.09,0.6873,7.26,6.175511216273048,0.6675576601150863,7.034308588242467,,,7.034308588242467,-2.106161594390869,0.6961026191711426,-0.1162987425923347,0.5350878834724426,-1.382251262664795,0.8571172952651978,7AWE,7.346787486224656,high,4.135640000000003,9,179.17839999999956,0.14784900462945486,16,169.58999999999997
Cc1cccc(S(=O)(=O)N[C@@H](CC(=O)NCC(C)(C)C)C(=O)N[C@@H](C)C(=O)N[C@@H](CC(C)C)C(=O)c2nnc(-c3ccccc3)o2)c1,CHEMBL206413,CHEMBL861973,0.65,0.00065,9.19,B,CHEMBL1147675,Ki app,uM,UO_0000065,0.00065,0.65,9.19,-5.3,0.0,0.0,-5.3,0.0,0.0,-4.6,-5.1,-5.1,-6.09,-2.64,0.164,5.595,-5.12,-1.69,0.2634,5.436,7.2779751128060095,0.0527260075133448,6.867671116299621,,,6.867671116299621,-3.2604379653930664,0.8832666873931885,-2.475137233734131,0.9904404878616332,-1.291456937789917,0.7760928273200989,7AWE,9.187086643357144,high,3.1628200000000026,9,175.42509999999956,0.1763589533051537,15,189.45999999999998
N#Cc1cccc(NC(=O)Nc2ccc3n(c2=O)C[C@@H]2C[C@H]3CN(C(=O)c3ccc4ccccc4c3)C2)c1,CHEMBL5273859,CHEMBL5256151,3424.0,3.424,5.46,B,CHEMBL5252637,Ki,uM,UO_0000065,3.424,3424.0,5.46,-7.8,0.0,0.0,-7.8,0.0,0.0,-6.7,-6.8,-6.8,-7.04,-0.31,0.3163,5.625,-5.76,-0.79,0.3798,5.435,6.059840040963128,0.8712844417347735,7.36401325632665,,,7.36401325632665,-1.0000252723693848,0.2544495165348053,-0.4302684962749481,0.165235161781311,0.4139966964721679,0.3436638712882995,7AWE,5.465466243994884,low,4.776680000000003,5,145.1998999999998,0.4196590443710518,3,107.22999999999999
O=C(Cn1ccc(Nc2ccccc2)cc1=O)Nc1ccccc1C(=O)c1ccccc1,CHEMBL3233459,CHEMBL3239238,8030.0,8.03,5.09,B,CHEMBL3232790,Ki,uM,UO_0000065,8.03,8030.0,5.09,-6.5,0.0,0.0,-6.5,0.0,0.0,-5.5,-5.5,-5.5,-6.77,-0.99,0.4274,5.14,-5.61,-0.98,0.5357,5.175,6.236568454964921,0.5800047430081439,5.582256838072046,,,5.582256838072046,-0.1142225265502929,0.2147847115993499,0.7459296584129333,0.1949612200260162,0.5662050247192383,0.2346082031726837,7AWE,5.09528445472132,low,4.4616000000000025,5,125.3729,0.43022444085642775,7,80.2
O=C(Cn1ccccc1=O)NC12CC3CC(CC(C3)C1)C2,CHEMBL3233455,CHEMBL3239238,7550.0,7.55,5.12,B,CHEMBL3232790,Ki,uM,UO_0000065,7.55,7550.0,5.12,-5.9,0.0,0.0,-5.9,0.0,0.0,-4.6,-5.8,-5.8,-5.86,0.22,0.6694,4.367,-5.86,0.22,0.6694,4.367,4.109777905896458,77.66441836052239,4.719085560924835,,,4.719085560924835,1.0167192220687866,0.185670793056488,0.5801040530204773,0.2304871380329132,2.08658218383789,0.140854462981224,7AWE,5.122053048370812,low,1.9332999999999996,3,79.74770000000004,0.9228504910495563,3,51.1
O=C(Nc1ccc(Cl)cc1)Nc1ccc2n(c1=O)C[C@@H]1C[C@H]2CN(C(=O)c2ccc3ccccc3c2)C1,CHEMBL5287112,CHEMBL5256151,1145.0,1.145,5.94,B,CHEMBL5252637,Ki,uM,UO_0000065,1.145,1145.0,5.94,-7.7,0.0,0.0,-7.7,0.0,0.0,-6.5,-6.9,-6.9,-7.67,-0.52,0.1732,5.373,-5.81,-0.07,0.4361,5.826,5.182387897423298,6.570707014374186,7.153544574926081,,,7.153544574926081,-0.5859212875366211,0.3463076949119568,0.2152236104011535,0.2369642853736877,0.6117432117462158,0.4556511044502258,7AWE,5.941194513324094,low,5.558400000000004,4,145.49489999999977,0.37683013480229705,3,83.44
O=C(Nc1ccccc1)Nc1ccc2n(c1=O)C[C@@H]1C[C@H]2CN(C(=O)c2ccc3ccccc3c2)C1,CHEMBL5286864,CHEMBL5256151,9689.0,9.689,5.01,B,CHEMBL5252637,Ki,uM,UO_0000065,9.689,9689.0,5.01,-7.3,0.0,0.0,-7.3,0.0,0.0,-6.6,-7.2,-7.2,-7.6,0.58,0.606,5.894,-7.6,0.58,0.606,5.894,7.006998163302957,0.0984015267301712,6.287449428674266,,,6.287449428674266,-1.0150575637817385,0.439405620098114,-0.5006030201911926,0.4476439654827118,0.3328907787799835,0.4311673045158386,7AWE,5.013721044094009,low,4.905000000000004,4,140.48489999999987,0.4391571780442299,3,83.44
c1ccc(C(=C(c2ccc(OCCN3CCCCCC3)cc2)c2ccc(OCCN3CCCCCC3)cc2)c2ccccc2)cc1,CHEMBL3099621,CHEMBL3100300,1100.0,1.1,5.96,B,CHEMBL3098012,Ki,uM,UO_0000065,1.1,1100.0,5.96,,,,,,,,,,,,,,,,,,5.619783433166571,2.4000294278911225,7.78903425328177,,,7.78903425328177,-1.0244746208190918,0.5426210761070251,-0.4963919520378113,0.6365625262260437,0.7992547154426575,0.4486795961856842,7AWE,5.958607314841775,low,9.203600000000002,4,191.59199999999933,0.14860584171585367,12,24.940000000000005
